Age,Attrition,DistanceFromHome,Education,EnvironmentSatisfaction,JobInvolvement,JobSatisfaction,MonthlyIncome,NumCompaniesWorked,OverTime,PercentSalaryHike,RelationshipSatisfaction,StockOptionLevel,TrainingTimesLastYear,WorkLifeBalance,YearsInCurrentRole,PromotionStagnation,IncomePerYearExp,CompanyTenureRatio,BusinessTravel_Travel_Frequently,BusinessTravel_Travel_Rarely,Department_Research & Development,Department_Sales,EducationField_Life Sciences,EducationField_Marketing,EducationField_Medical,EducationField_Other,EducationField_Technical Degree,Gender_Male,JobRole_Human Resources,JobRole_Laboratory Technician,JobRole_Manager,JobRole_Manufacturing Director,JobRole_Research Director,JobRole_Research Scientist,JobRole_Sales Executive,JobRole_Sales Representative,MaritalStatus_Married,MaritalStatus_Single
41,1,1,2,2,3,4,5993,8,1,11,1,0,0,1,4,0.0,665.8888888888889,0.6666666666666666,0,1,0,1,1,0,0,0,0,0,0,0,0,0,0,0,1,0,0,1
49,0,8,1,3,2,2,5130,1,0,23,4,1,3,3,7,0.09090909090909091,466.3636363636364,0.9090909090909091,1,0,1,0,1,0,0,0,0,1,0,0,0,0,0,1,0,0,1,0
37,1,2,2,4,2,3,2090,6,1,15,2,0,3,3,0,0.0,261.25,0.0,0,1,1,0,0,0,0,1,0,1,0,1,0,0,0,0,0,0,0,1
33,0,3,4,4,3,3,2909,1,1,11,3,0,3,3,7,0.3333333333333333,323.22222222222223,0.8888888888888888,1,0,1,0,1,0,0,0,0,0,0,0,0,0,0,1,0,0,1,0
27,0,2,1,1,3,2,3468,9,0,12,4,1,3,3,2,0.6666666666666666,495.42857142857144,0.2857142857142857,0,1,1,0,0,0,1,0,0,1,0,1,0,0,0,0,0,0,1,0
32,0,2,2,4,3,4,3068,0,0,13,3,0,2,2,7,0.375,340.8888888888889,0.7777777777777778,1,0,1,0,1,0,0,0,0,1,0,1,0,0,0,0,0,0,0,1
59,0,3,3,3,4,1,2670,4,1,20,1,3,3,2,0,0.0,205.3846153846154,0.07692307692307693,0,1,1,0,0,0,1,0,0,0,0,1,0,0,0,0,0,0,1,0
30,0,24,1,4,3,3,2693,1,0,22,2,1,2,3,0,0.0,1346.5,0.5,0,1,1,0,1,0,0,0,0,1,0,1,0,0,0,0,0,0,0,0
38,0,23,3,4,2,3,9526,0,0,21,2,0,2,3,7,0.1,866.0,0.8181818181818182,1,0,1,0,1,0,0,0,0,1,0,0,0,1,0,0,0,0,0,1
36,0,27,3,3,3,3,5237,6,0,13,2,2,3,2,7,0.875,290.94444444444446,0.3888888888888889,0,1,1,0,0,0,1,0,0,1,0,0,0,0,0,0,0,0,1,0
35,0,16,3,1,4,2,2426,0,0,13,3,1,5,3,4,0.0,346.57142857142856,0.7142857142857143,0,1,1,0,0,0,1,0,0,1,0,1,0,0,0,0,0,0,1,0
29,0,15,2,4,2,3,4193,0,1,12,4,0,3,3,5,0.0,381.1818181818182,0.8181818181818182,0,1,1,0,1,0,0,0,0,0,0,1,0,0,0,0,0,0,0,1
31,0,26,1,1,3,3,2911,1,0,17,4,1,1,2,2,0.6666666666666666,485.1666666666667,0.8333333333333334,0,1,1,0,1,0,0,0,0,1,0,0,0,0,0,1,0,0,0,0
34,0,19,2,2,3,4,2661,0,0,11,3,1,2,3,2,0.3333333333333333,665.25,0.5,0,1,1,0,0,0,1,0,0,1,0,1,0,0,0,0,0,0,0,0
28,1,24,3,3,2,3,2028,5,1,14,2,0,4,3,2,0.0,289.7142857142857,0.5714285714285714,0,1,1,0,1,0,0,0,0,1,0,1,0,0,0,0,0,0,0,1
29,0,21,4,2,4,1,9980,1,0,11,3,1,1,3,9,0.7272727272727273,907.2727272727273,0.9090909090909091,0,1,1,0,1,0,0,0,0,0,0,0,0,1,0,0,0,0,0,0
32,0,5,2,1,4,2,3298,0,1,12,4,2,5,2,2,0.0,412.25,0.75,0,1,1,0,1,0,0,0,0,1,0,0,0,0,0,1,0,0,0,0
22,0,16,2,4,4,4,2935,1,1,13,2,2,2,2,0,0.0,1467.5,0.5,0,0,1,0,0,0,1,0,0,1,0,1,0,0,0,0,0,0,0,0
53,0,2,4,1,2,4,15427,2,0,16,3,0,3,3,8,0.11538461538461539,482.09375,0.78125,0,1,0,1,1,0,0,0,0,0,0,0,1,0,0,0,0,0,1,0
38,0,2,3,4,3,4,3944,5,1,11,3,0,3,3,2,0.25,563.4285714285714,0.42857142857142855,0,1,1,0,1,0,0,0,0,1,0,0,0,0,0,1,0,0,0,1
24,0,11,2,1,4,3,4011,0,0,18,4,1,5,2,2,0.2,668.5,0.6666666666666666,0,0,1,0,0,0,0,1,0,0,0,0,0,1,0,0,0,0,0,0
36,1,9,4,3,2,1,3407,7,0,23,2,0,4,3,3,0.0,309.72727272727275,0.45454545454545453,0,1,0,1,1,0,0,0,0,1,0,0,0,0,0,0,0,1,0,1
34,0,7,4,1,3,2,11994,0,0,11,3,0,4,3,6,0.15384615384615385,856.7142857142857,0.8571428571428571,0,1,1,0,1,0,0,0,0,0,0,0,0,0,1,0,0,0,0,1
21,0,15,2,3,3,4,1232,1,0,14,4,0,6,3,0,0.0,1232.0,0.0,0,1,1,0,1,0,0,0,0,1,0,0,0,0,0,1,0,0,0,1
34,1,6,1,2,3,1,2960,2,0,11,3,0,2,3,2,0.2,328.8888888888889,0.4444444444444444,0,1,1,0,0,0,1,0,0,1,0,0,0,0,0,1,0,0,0,1
53,0,5,3,3,3,3,19094,4,0,11,4,1,3,2,13,0.26666666666666666,707.1851851851852,0.5185185185185185,0,1,1,0,0,0,0,1,0,0,0,0,1,0,0,0,0,0,0,0
32,1,16,1,2,1,1,3919,1,1,22,2,0,5,3,2,0.5454545454545454,356.27272727272725,0.9090909090909091,1,0,1,0,1,0,0,0,0,0,0,0,0,0,0,1,0,0,0,1
42,0,8,4,3,3,2,6825,0,0,11,4,1,2,3,7,0.4,620.4545454545455,0.8181818181818182,0,1,0,1,0,1,0,0,0,1,0,0,0,0,0,0,1,0,1,0
44,0,7,4,1,2,4,10248,3,0,14,4,1,4,3,6,0.21739130434782608,409.92,0.88,0,1,1,0,0,0,1,0,0,0,0,0,0,0,0,0,0,0,1,0
46,0,2,4,2,3,1,18947,3,0,12,4,0,2,2,2,0.6666666666666666,823.7826086956521,0.08695652173913043,0,1,0,1,0,1,0,0,0,0,0,0,1,0,0,0,0,0,0,1
33,0,2,3,3,3,4,2496,4,0,11,4,0,3,3,1,0.0,312.0,0.125,0,1,1,0,0,0,1,0,0,1,0,1,0,0,0,0,0,0,0,1
44,0,10,4,4,3,4,6465,2,1,13,4,0,5,4,2,0.2,646.5,0.4,0,1,1,0,0,0,0,1,0,1,0,0,0,0,0,0,0,0,1,0
30,0,9,2,4,2,3,2206,1,0,13,1,0,5,3,0,0.09090909090909091,200.54545454545453,0.9090909090909091,0,1,1,0,0,0,1,0,0,1,0,1,0,0,0,0,0,0,0,1
39,1,5,3,4,3,4,2086,3,0,14,3,1,6,4,0,0.0,104.3,0.05,0,1,0,1,0,0,0,0,1,1,0,0,0,0,0,0,0,1,1,0
24,1,1,3,2,3,4,2293,2,1,16,1,1,2,2,0,0.6666666666666666,327.57142857142856,0.2857142857142857,0,1,1,0,0,0,1,0,0,1,0,0,0,0,0,1,0,0,1,0
43,0,2,2,4,4,3,2645,1,0,12,4,2,3,2,3,0.16666666666666666,377.85714285714283,0.7142857142857143,0,1,1,0,0,0,1,0,0,0,0,0,0,0,0,1,0,0,0,0
50,1,3,2,1,2,3,2683,1,1,14,3,0,2,3,2,0.0,670.75,0.75,0,1,0,1,0,1,0,0,0,1,0,0,0,0,0,0,0,1,1,0
35,0,2,3,4,3,4,2014,1,0,13,1,0,3,3,2,0.6666666666666666,671.3333333333334,0.6666666666666666,0,1,0,1,0,1,0,0,0,0,0,0,0,0,0,0,0,1,1,0
36,0,5,4,2,2,1,3419,9,1,14,4,1,3,4,1,0.0,488.42857142857144,0.14285714285714285,0,1,1,0,1,0,0,0,0,0,0,0,0,0,0,1,0,0,1,0
33,0,1,3,3,4,1,5376,2,0,19,1,2,3,3,3,0.16666666666666666,488.72727272727275,0.45454545454545453,1,0,0,1,1,0,0,0,0,0,0,0,0,0,0,0,1,0,1,0
35,0,4,2,3,3,4,1951,1,0,12,3,1,3,3,0,0.0,975.5,0.5,0,1,1,0,0,0,0,1,0,1,0,1,0,0,0,0,0,0,0,0
27,0,2,4,4,3,1,2341,1,0,13,4,1,6,3,0,0.0,1170.5,0.5,0,1,1,0,1,0,0,0,0,0,0,1,0,0,0,0,0,0,0,0
26,1,25,3,1,1,3,2293,1,0,12,3,0,2,2,0,0.0,1146.5,0.5,0,1,1,0,1,0,0,0,0,1,0,1,0,0,0,0,0,0,0,1
27,0,8,3,4,3,3,8726,1,0,15,4,0,0,3,8,0.1,872.6,0.9,1,0,0,1,1,0,0,0,0,1,0,0,0,0,0,0,1,0,0,1
30,0,1,2,3,3,4,4011,1,0,23,4,0,2,3,8,0.23076923076923078,308.53846153846155,0.9230769230769231,1,0,1,0,0,0,1,0,0,0,0,1,0,0,0,0,0,0,0,1
41,1,12,3,2,3,3,19545,1,0,12,4,0,0,3,15,0.6521739130434783,814.375,0.9166666666666666,0,1,1,0,0,0,0,0,1,0,0,0,0,0,1,0,0,0,1,0
34,0,23,4,2,3,3,4568,0,0,20,3,0,2,3,5,0.8,415.27272727272725,0.8181818181818182,0,0,0,1,0,1,0,0,0,1,0,0,0,0,0,0,1,0,0,1
37,0,19,2,2,3,2,3022,4,0,21,1,0,1,3,0,0.0,335.77777777777777,0.1111111111111111,0,1,1,0,1,0,0,0,0,1,0,0,0,0,0,1,0,0,1,0
46,0,5,4,1,3,4,5772,4,1,21,3,0,4,3,6,0.0,384.8,0.6,1,0,0,1,0,1,0,0,0,1,0,0,0,0,0,0,1,0,0,1
35,0,8,1,4,4,4,2269,1,0,19,4,0,2,3,0,0.0,1134.5,0.5,0,1,1,0,1,0,0,0,0,1,0,1,0,0,0,0,0,0,1,0
48,1,1,2,1,2,3,5381,9,1,13,4,0,2,3,0,0.0,224.20833333333334,0.041666666666666664,0,1,1,0,1,0,0,0,0,1,0,1,0,0,0,0,0,0,0,1
28,1,5,4,3,3,3,3441,1,1,13,3,0,3,2,2,0.6666666666666666,1147.0,0.6666666666666666,0,1,1,0,0,0,0,0,1,1,0,1,0,0,0,0,0,0,0,1
44,0,1,5,2,3,1,5454,5,1,21,3,1,2,2,3,0.2,545.4,0.4,0,1,0,1,0,1,0,0,0,0,0,0,0,0,0,0,1,0,0,0
35,0,11,2,3,2,1,9884,2,1,13,3,1,3,3,0,0.4,898.5454545454545,0.36363636363636365,0,0,1,0,0,0,1,0,0,1,0,0,0,0,0,0,0,0,1,0
26,0,23,3,3,2,4,4157,7,1,19,3,1,2,2,2,0.0,692.8333333333334,0.3333333333333333,0,1,0,1,0,1,0,0,0,0,0,0,0,0,0,0,1,0,1,0
33,0,1,2,1,3,4,13458,1,1,12,3,0,1,3,14,0.5,841.125,0.9375,1,0,1,0,1,0,0,0,0,0,0,0,0,0,1,0,0,0,0,1
35,0,18,5,2,3,1,9069,1,0,22,4,1,3,2,8,0.1,906.9,0.9,1,0,0,1,1,0,0,0,0,1,0,0,0,0,0,0,1,0,1,0
35,0,23,4,3,3,1,4014,3,1,15,3,1,3,3,2,0.6666666666666666,802.8,0.4,0,1,1,0,0,0,1,0,0,0,0,1,0,0,0,0,0,0,1,0
31,0,7,4,4,3,4,5915,3,0,22,4,1,3,2,7,0.125,537.7272727272727,0.6363636363636364,0,1,1,0,1,0,0,0,0,1,0,1,0,0,0,0,0,0,0,0
37,0,1,4,1,2,3,5993,1,0,18,3,1,2,4,5,0.0,749.125,0.875,0,1,1,0,1,0,0,0,0,1,0,0,0,1,0,0,0,0,0,0
32,0,1,3,1,3,4,6162,1,1,22,2,1,3,3,8,0.7,616.2,0.9,0,1,1,0,0,0,1,0,0,1,0,0,0,1,0,0,0,0,1,0
38,0,29,5,4,3,4,2406,1,0,11,4,0,2,3,3,0.8181818181818182,218.72727272727272,0.9090909090909091,1,0,1,0,1,0,0,0,0,0,0,1,0,0,0,0,0,0,0,1
50,0,7,2,2,2,3,18740,5,1,12,4,1,2,2,3,0.4642857142857143,624.6666666666666,0.9,0,1,1,0,0,0,1,0,0,0,0,0,0,0,1,0,0,0,0,0
59,0,25,3,1,3,1,7637,7,0,11,4,0,3,2,16,0.3181818181818182,263.3448275862069,0.7241379310344828,0,1,0,1,1,0,0,0,0,0,0,0,0,0,0,0,1,0,0,1
36,0,8,3,3,3,3,10096,1,0,13,2,3,2,3,14,0.6666666666666666,560.8888888888889,0.9444444444444444,0,1,1,0,0,0,0,0,1,0,0,0,0,0,0,0,0,0,0,0
55,0,8,3,4,3,3,14756,2,1,14,3,3,2,3,0,0.0,670.7272727272727,0.22727272727272727,0,1,1,0,0,0,1,0,0,0,0,0,1,0,0,0,0,0,0,0
36,0,11,3,2,2,2,6499,1,0,13,3,0,3,3,5,0.0,928.4285714285714,0.8571428571428571,1,0,1,0,1,0,0,0,0,1,0,0,0,1,0,0,0,0,0,1
45,0,7,3,2,3,1,9724,2,0,17,3,1,2,3,0,0.0,374.0,0.038461538461538464,0,1,1,0,1,0,0,0,0,1,0,0,0,0,0,1,0,0,0,0
35,0,1,3,2,3,1,2194,4,0,13,4,1,2,2,2,0.25,365.6666666666667,0.5,1,0,1,0,0,0,1,0,0,1,0,0,0,0,0,1,0,0,1,0
36,1,9,3,4,2,3,3388,0,1,17,1,1,0,2,0,0.0,1129.3333333333333,0.3333333333333333,0,1,1,0,0,0,1,0,0,1,0,0,0,0,0,1,0,0,1,0
59,0,1,1,1,2,3,5473,7,0,11,4,0,2,2,3,0.2,260.6190476190476,0.19047619047619047,1,0,0,1,1,0,0,0,0,0,0,0,0,0,0,0,1,0,0,1
29,0,2,3,3,3,2,2703,0,0,23,4,1,3,3,4,0.0,386.14285714285717,0.7142857142857143,0,1,1,0,1,0,0,0,0,1,0,0,0,0,0,1,0,0,1,0
31,0,1,4,3,3,2,2501,1,0,17,2,0,4,3,1,0.5,1250.5,0.5,0,1,1,0,0,0,1,0,0,1,0,0,0,0,0,1,0,0,0,1
32,0,1,3,2,3,2,6220,1,0,17,2,2,3,3,4,0.0,565.4545454545455,0.9090909090909091,0,1,1,0,1,0,0,0,0,1,0,0,0,0,0,1,0,0,1,0
36,0,6,3,2,4,4,3038,3,0,12,2,0,3,3,0,0.0,506.3333333333333,0.16666666666666666,0,1,1,0,1,0,0,0,0,0,0,1,0,0,0,0,0,0,1,0
31,0,8,4,3,3,4,4424,1,0,23,4,0,2,3,7,0.08333333333333333,368.6666666666667,0.9166666666666666,0,1,1,0,1,0,0,0,0,0,0,0,0,1,0,0,0,0,0,1
35,0,1,4,3,2,1,4312,0,0,14,2,0,2,3,13,0.125,253.64705882352942,0.8823529411764706,0,1,0,1,0,1,0,0,0,1,0,0,0,0,0,0,1,0,0,1
45,0,6,4,4,3,1,13245,4,1,14,2,0,3,4,0,0.0,735.8333333333334,0.0,0,1,1,0,0,0,0,1,0,1,0,0,0,0,1,0,0,0,1,0
37,0,7,4,1,3,3,13664,4,0,13,1,0,3,4,2,0.0,803.7647058823529,0.29411764705882354,0,1,1,0,0,0,1,0,0,1,0,0,0,0,1,0,0,0,0,1
46,0,5,2,2,3,2,5021,8,1,22,4,1,2,3,2,0.0,295.3529411764706,0.23529411764705882,0,1,0,0,0,0,1,0,0,1,1,0,0,0,0,0,0,0,0,0
30,0,1,1,4,2,4,5126,1,1,12,3,2,1,2,8,0.2727272727272727,466.0,0.9090909090909091,0,1,1,0,1,0,0,0,0,1,0,1,0,0,0,0,0,0,1,0
35,0,1,3,2,2,3,2859,1,0,18,1,0,3,3,4,0.0,408.42857142857144,0.8571428571428571,0,1,1,0,0,0,1,0,0,1,0,0,0,0,0,1,0,0,0,1
55,0,1,2,1,3,4,10239,3,0,14,4,1,4,3,0,0.5,409.56,0.04,0,1,0,1,1,0,0,0,0,1,0,0,0,0,0,0,1,0,1,0
38,0,6,3,2,1,4,5329,7,1,12,4,3,3,3,11,0.07142857142857142,296.05555555555554,0.7222222222222222,0,0,1,0,0,0,1,0,0,0,0,0,0,0,0,1,0,0,0,0
34,0,1,2,1,3,2,4325,1,0,15,3,0,2,3,2,0.16666666666666666,720.8333333333334,0.8333333333333334,0,1,1,0,0,0,1,0,0,1,0,0,0,1,0,0,0,0,1,0
56,0,7,3,4,1,4,7260,4,0,11,1,0,3,2,4,0.0,191.05263157894737,0.15789473684210525,0,1,1,0,1,0,0,0,0,1,0,0,0,1,0,0,0,0,0,1
23,0,2,1,3,3,1,2322,3,0,13,3,1,3,3,0,0.0,580.5,0.0,0,1,0,1,0,0,0,0,1,1,0,0,0,0,0,0,0,1,0,0
51,0,9,4,4,3,4,2075,3,0,23,2,2,4,3,2,0.0,188.63636363636363,0.36363636363636365,0,1,1,0,1,0,0,0,0,1,0,1,0,0,0,0,0,0,1,0
30,0,2,3,3,2,4,4152,1,0,19,1,3,3,3,10,0.8333333333333334,346.0,0.9166666666666666,0,1,1,0,1,0,0,0,0,1,0,0,0,0,0,0,0,0,1,0
46,1,9,2,3,2,4,9619,1,0,16,4,0,3,3,8,0.4,961.9,0.9,0,1,0,1,0,0,1,0,0,1,0,0,0,0,0,0,1,0,0,1
40,0,1,4,3,2,2,13503,1,0,22,4,1,3,2,3,0.4782608695652174,587.0869565217391,0.9565217391304348,1,0,1,0,1,0,0,0,0,1,0,0,0,0,0,0,0,0,1,0
51,0,21,4,3,3,4,5441,0,1,22,4,0,2,1,7,0.09090909090909091,453.4166666666667,0.8333333333333334,0,1,0,1,0,1,0,0,0,1,0,0,0,0,0,0,1,0,0,1
30,0,4,2,3,2,2,5209,1,1,12,2,3,4,2,8,0.16666666666666666,434.0833333333333,0.9166666666666666,0,1,0,1,0,0,1,0,0,0,0,0,0,0,0,0,1,0,0,0
46,0,1,3,3,2,1,10673,2,1,13,3,1,5,2,9,0.8181818181818182,485.1363636363636,0.45454545454545453,1,0,1,0,0,0,1,0,0,1,0,0,0,0,0,0,0,0,1,0
32,0,6,4,2,3,3,5010,1,0,16,1,0,0,3,8,0.4166666666666667,385.38461538461536,0.8461538461538461,0,1,0,1,0,0,1,0,0,1,0,0,0,0,0,0,1,0,0,1
54,0,2,4,1,3,3,13549,9,0,12,1,1,5,1,3,0.0,797.0,0.23529411764705882,0,1,1,0,0,0,0,0,1,0,0,0,0,0,1,0,0,0,1,0
24,0,3,2,1,3,3,4999,0,0,21,1,1,2,2,2,0.0,999.8,0.6,0,1,0,1,0,0,0,1,0,0,0,0,0,0,0,0,1,0,1,0
28,0,4,3,2,3,3,4221,1,0,15,2,0,3,4,4,0.0,703.5,0.8333333333333334,0,0,0,1,0,0,1,0,0,1,0,0,0,0,0,0,1,0,1,0
58,0,10,4,4,3,3,13872,0,0,13,3,0,1,2,10,0.02631578947368421,355.6923076923077,0.9487179487179487,0,1,0,1,0,0,1,0,0,1,0,0,0,0,0,0,1,0,0,1
44,0,23,3,2,3,2,2042,4,0,12,3,1,3,4,2,0.25,113.44444444444444,0.16666666666666666,0,0,1,0,0,0,1,0,0,1,0,1,0,0,0,0,0,0,1,0
37,1,6,4,3,3,1,2073,4,1,22,4,0,3,3,2,0.0,259.125,0.375,0,1,0,0,0,0,0,0,0,1,1,0,0,0,0,0,0,0,0,0
32,0,1,1,4,3,1,2956,1,0,13,4,0,2,3,0,0.0,1478.0,0.5,0,1,1,0,1,0,0,0,0,1,0,0,0,0,0,1,0,0,0,1
20,1,6,3,4,2,4,2926,1,1,18,2,0,5,3,0,0.5,1463.0,0.5,1,0,1,0,1,0,0,0,0,0,0,1,0,0,0,0,0,0,0,1
34,0,6,4,1,3,3,4809,1,0,14,3,0,3,3,13,0.11764705882352941,282.88235294117646,0.9411764705882353,0,1,1,0,0,0,0,1,0,0,0,0,0,0,0,1,0,0,0,1
37,0,2,2,3,2,4,5163,5,0,14,4,1,2,4,0,0.0,286.8333333333333,0.05555555555555555,0,0,1,0,1,0,0,0,0,1,0,0,0,0,0,0,0,0,0,0
59,0,2,4,3,2,4,18844,9,0,21,4,1,3,3,2,0.5,607.8709677419355,0.0967741935483871,0,0,0,0,0,0,0,0,0,0,0,0,1,0,0,0,0,0,1,0
50,0,1,3,1,3,2,18172,3,1,19,1,0,1,2,3,0.0,626.6206896551724,0.27586206896551724,1,0,1,0,1,0,0,0,0,0,0,0,0,0,1,0,0,0,1,0
25,1,5,3,3,2,3,5744,1,1,11,4,0,1,3,4,0.0,820.5714285714286,0.8571428571428571,0,1,0,1,0,1,0,0,0,1,0,0,0,0,0,0,1,0,0,1
25,0,7,1,4,2,4,2889,1,0,11,3,2,2,3,2,0.6666666666666666,963.0,0.6666666666666666,0,1,1,0,0,0,1,0,0,1,0,0,0,0,0,1,0,0,1,0
22,0,15,3,2,3,4,2871,1,0,15,3,0,5,3,0,0.0,1435.5,0.0,0,1,1,0,0,0,1,0,0,0,0,1,0,0,0,0,0,0,0,1
51,0,1,4,1,2,1,7484,3,0,20,3,0,1,2,12,0.8571428571428571,311.8333333333333,0.5416666666666666,1,0,1,0,0,0,1,0,0,0,0,0,0,0,0,0,0,0,0,1
34,1,7,3,1,1,3,6074,1,1,24,4,0,3,3,7,0.0,607.4,0.9,1,0,1,0,1,0,0,0,0,1,0,1,0,0,0,0,0,0,0,1
54,0,26,3,4,4,4,17328,2,1,12,3,0,3,3,3,0.6666666666666666,722.0,0.20833333333333334,0,0,0,0,0,0,0,0,0,0,0,0,1,0,0,0,0,0,0,1
24,0,18,1,2,3,3,2774,0,0,12,3,1,2,3,3,0.16666666666666666,396.2857142857143,0.7142857142857143,0,1,1,0,1,0,0,0,0,1,0,1,0,0,0,0,0,0,1,0
34,0,6,4,3,2,2,4505,6,0,15,3,1,3,3,0,0.0,346.53846153846155,0.07692307692307693,0,1,1,0,1,0,0,0,0,0,0,0,0,0,0,1,0,0,0,0
37,0,3,3,3,3,4,7428,2,0,12,1,0,3,3,3,0.16666666666666666,571.3846153846154,0.38461538461538464,0,1,0,1,1,0,0,0,0,1,0,0,0,0,0,0,1,0,0,1
34,0,5,3,3,2,1,11631,2,0,12,4,0,6,3,10,0.4166666666666667,775.4,0.7333333333333333,0,1,1,0,0,0,1,0,0,0,0,0,1,0,0,0,0,0,0,1
36,0,11,2,2,3,4,9738,0,0,14,3,1,6,3,7,0.2,885.2727272727273,0.8181818181818182,1,0,0,1,0,0,0,0,1,0,0,0,0,0,0,0,1,0,1,0
36,0,3,2,1,3,4,2835,5,0,22,1,1,2,3,0,0.0,354.375,0.125,0,1,1,0,1,0,0,0,0,0,0,1,0,0,0,0,0,0,0,0
43,0,26,2,3,3,4,16959,1,1,12,4,2,3,4,12,0.15384615384615385,652.2692307692307,0.9615384615384616,1,0,0,1,1,0,0,0,0,1,0,0,1,0,0,0,0,0,1,0
30,0,23,3,1,1,3,2613,1,0,25,3,3,2,2,7,0.0,237.54545454545453,0.9090909090909091,1,0,1,0,1,0,0,0,0,1,0,0,0,0,0,1,0,0,0,0
33,0,22,2,3,3,2,6146,0,0,13,1,1,2,4,7,0.0,682.8888888888889,0.7777777777777778,0,0,0,1,0,1,0,0,0,1,0,0,0,0,0,0,1,0,1,0
56,1,14,4,2,3,2,4963,9,1,18,1,3,2,3,4,0.6666666666666666,620.375,0.625,0,1,1,0,1,0,0,0,0,0,0,0,0,0,0,1,0,0,1,0
51,0,6,3,1,3,3,19537,7,0,13,3,0,5,3,18,0.7142857142857143,814.0416666666666,0.8333333333333334,0,1,1,0,1,0,0,0,0,1,0,0,0,0,1,0,0,0,0,1
31,1,6,4,2,1,3,6172,4,1,18,2,0,3,2,7,0.875,474.7692307692308,0.5384615384615384,0,1,0,1,1,0,0,0,0,1,0,0,0,0,0,0,1,0,1,0
26,0,6,3,3,2,2,2368,1,0,19,3,0,3,2,4,0.6666666666666666,394.6666666666667,0.8333333333333334,0,1,1,0,0,0,0,1,0,0,0,0,0,0,0,1,0,0,1,0
58,1,23,4,4,3,4,10312,1,0,12,4,1,3,2,10,0.36585365853658536,251.5121951219512,0.975609756097561,0,1,1,0,0,0,1,0,0,0,0,0,0,0,0,0,0,0,1,0
19,1,22,1,4,3,3,1675,1,1,19,4,0,2,2,0,0.0,1675.0,0.0,0,1,0,1,0,1,0,0,0,1,0,0,0,0,0,0,0,1,0,1
22,0,2,1,3,3,4,2523,0,0,14,3,1,2,3,1,0.6666666666666666,630.75,0.5,0,1,1,0,0,0,0,0,1,1,0,1,0,0,0,0,0,0,1,0
49,0,20,4,3,3,1,6567,1,0,14,3,0,2,2,11,0.3125,386.29411764705884,0.8823529411764706,0,1,1,0,0,0,1,0,0,0,0,0,0,1,0,0,0,0,1,0
43,0,28,3,2,4,3,4739,4,0,12,4,0,2,3,2,0.25,249.42105263157896,0.15789473684210525,1,0,1,0,0,0,1,0,0,0,0,0,0,0,0,1,0,0,0,1
50,0,12,3,3,3,4,9208,4,0,11,4,0,3,3,2,0.6666666666666666,541.6470588235294,0.11764705882352941,1,0,0,1,0,1,0,0,0,0,0,0,0,0,0,0,1,0,0,1
31,1,20,3,2,1,3,4559,3,1,11,3,1,2,3,2,0.6666666666666666,911.8,0.4,0,1,0,1,1,0,0,0,0,0,0,0,0,0,0,0,1,0,1,0
41,0,9,1,3,3,3,8189,3,1,13,3,1,2,3,7,0.0,629.9230769230769,0.6923076923076923,0,1,0,1,1,0,0,0,0,1,0,0,0,0,0,0,1,0,0,0
26,0,25,1,3,3,3,2942,1,0,23,4,1,3,3,7,0.5555555555555556,326.8888888888889,0.8888888888888888,0,1,0,0,1,0,0,0,0,0,1,0,0,0,0,0,0,0,1,0
36,0,6,2,2,3,2,4941,6,0,20,4,2,0,3,2,0.0,617.625,0.375,0,1,1,0,0,0,1,0,0,1,0,0,0,1,0,0,0,0,0,0
51,1,8,4,1,1,4,10650,2,0,15,4,0,2,3,2,0.0,560.5263157894736,0.21052631578947367,1,0,1,0,1,0,0,0,0,1,0,0,0,1,0,0,0,0,0,1
39,0,4,4,4,2,3,5902,4,0,14,3,1,1,4,11,0.3125,327.8888888888889,0.8333333333333334,0,1,0,1,1,0,0,0,0,0,0,0,0,0,0,0,1,0,1,0
25,0,28,3,1,2,3,8639,2,0,18,4,0,3,3,2,0.6666666666666666,1234.142857142857,0.2857142857142857,0,1,0,1,1,0,0,0,0,1,0,0,0,0,0,0,1,0,1,0
30,0,9,3,3,3,4,6347,0,1,19,4,0,2,1,9,0.3333333333333333,488.2307692307692,0.8461538461538461,0,1,0,0,0,0,0,0,0,1,1,0,0,0,0,0,0,0,1,0
32,1,9,3,1,3,1,4200,7,0,22,1,0,2,4,4,0.0,381.8181818181818,0.45454545454545453,0,1,1,0,0,0,1,0,0,0,0,1,0,0,0,0,0,0,0,1
45,0,29,3,3,3,4,3452,5,0,13,2,0,2,2,5,0.0,345.2,0.6,0,1,1,0,0,0,1,0,0,1,0,0,0,0,0,1,0,0,0,1
38,0,3,5,4,3,3,4317,3,1,20,2,0,2,3,2,0.5,215.85,0.15,0,1,1,0,0,0,0,0,1,0,0,0,0,0,0,1,0,0,0,1
30,0,18,3,1,3,3,2632,1,0,14,3,0,4,2,4,0.0,438.6666666666667,0.8333333333333334,0,1,1,0,1,0,0,0,0,0,0,0,0,0,0,1,0,0,0,1
32,0,9,2,4,1,4,4668,0,0,17,4,3,2,4,7,0.0,466.8,0.8,1,0,0,1,0,0,1,0,0,1,0,0,0,0,0,0,1,0,0,0
30,0,5,3,4,3,1,3204,5,0,14,4,1,3,3,2,0.5,356.0,0.3333333333333333,0,1,1,0,0,0,0,0,1,0,0,0,0,0,0,1,0,0,0,0
30,0,2,1,2,2,4,2720,0,0,13,4,0,3,3,3,0.16666666666666666,388.57142857142856,0.7142857142857143,0,1,1,0,0,0,1,0,0,1,0,1,0,0,0,0,0,0,0,1
41,0,10,3,4,2,1,17181,4,0,13,2,1,2,2,6,0.875,780.9545454545455,0.3181818181818182,1,0,1,0,1,0,0,0,0,1,0,0,1,0,0,0,0,0,0,0
41,0,9,4,3,3,1,2238,2,0,21,4,1,2,3,0,0.16666666666666666,279.75,0.625,0,1,1,0,1,0,0,0,0,1,0,1,0,0,0,0,0,0,1,0
19,0,3,1,2,3,2,1483,1,0,14,4,0,3,3,0,0.0,741.5,0.5,0,1,1,0,0,0,1,0,0,0,0,1,0,0,0,0,0,0,0,1
40,0,26,3,2,3,2,5605,1,0,11,1,1,2,3,7,0.09523809523809523,266.9047619047619,0.9523809523809523,1,0,1,0,0,0,1,0,0,0,0,0,0,0,0,1,0,0,0,0
35,0,1,5,3,3,2,7295,1,0,13,1,2,3,3,8,0.0,663.1818181818181,0.9090909090909091,0,1,0,1,0,1,0,0,0,1,0,0,0,0,0,0,1,0,1,0
53,0,6,2,2,3,3,2306,2,1,20,4,1,3,1,7,0.5,164.71428571428572,0.5,0,1,0,1,0,1,0,0,0,1,0,0,0,0,0,0,0,1,1,0
45,0,9,3,2,3,2,2348,8,0,18,3,1,2,1,9,0.0,111.80952380952381,0.8095238095238095,0,1,1,0,1,0,0,0,0,1,0,1,0,0,0,0,0,0,0,0
32,0,8,3,2,3,4,8998,1,0,14,4,0,2,3,8,0.3,899.8,0.9,1,0,0,1,0,1,0,0,0,0,0,0,0,0,0,0,1,0,0,1
29,0,1,1,4,3,3,4319,1,0,13,1,1,1,3,7,0.0,392.6363636363636,0.9090909090909091,0,0,1,0,0,0,0,0,1,1,0,0,0,1,0,0,0,0,1,0
51,0,7,4,2,2,3,6132,2,0,17,3,0,2,3,0,0.0,557.4545454545455,0.09090909090909091,0,1,1,0,0,0,1,0,0,1,0,0,0,1,0,0,0,0,1,0
58,0,9,3,2,2,2,3346,4,1,20,2,1,3,2,0,0.0,334.6,0.1,0,1,1,0,0,0,1,0,0,0,0,0,0,0,0,1,0,0,1,0
40,0,4,4,3,2,4,10855,7,0,11,1,1,2,2,11,0.15384615384615385,678.4375,0.75,0,1,0,1,0,1,0,0,0,1,0,0,0,0,0,0,1,0,1,0
34,0,2,4,3,3,3,2231,6,0,18,4,1,3,3,3,0.2,318.7142857142857,0.5714285714285714,1,0,0,1,0,1,0,0,0,0,0,0,0,0,0,0,0,1,1,0
22,0,19,1,3,3,4,2323,1,0,24,1,2,6,3,2,0.6666666666666666,774.3333333333334,0.6666666666666666,0,1,1,0,0,0,1,0,0,1,0,0,0,0,0,1,0,0,1,0
27,0,9,3,4,3,2,2024,6,0,18,4,1,1,1,2,0.6666666666666666,289.14285714285717,0.2857142857142857,0,0,1,0,0,0,1,0,0,1,0,0,0,0,0,1,0,0,0,0
28,0,21,3,3,3,4,2713,1,0,11,3,1,2,1,2,0.0,452.1666666666667,0.8333333333333334,0,1,1,0,0,0,1,0,0,1,0,0,0,0,0,1,0,0,1,0
57,0,24,2,3,4,4,9439,3,1,16,2,1,2,1,3,0.16666666666666666,726.0769230769231,0.38461538461538464,0,1,1,0,1,0,0,0,0,1,0,0,0,0,0,0,0,0,0,0
27,0,3,3,3,2,3,2566,1,1,15,4,1,2,2,1,0.0,1283.0,0.5,0,0,1,0,0,0,1,0,0,1,0,0,0,0,0,1,0,0,0,0
50,0,11,3,3,3,2,19926,3,0,15,2,0,5,3,4,0.6666666666666666,905.7272727272727,0.22727272727272727,0,1,1,0,1,0,0,0,0,0,0,0,1,0,0,0,0,0,0,1
41,0,14,3,1,3,3,2451,4,0,12,1,1,2,3,8,0.1,175.07142857142858,0.6428571428571429,0,1,1,0,1,0,0,0,0,1,0,0,0,0,0,1,0,0,0,0
30,0,5,3,2,3,4,9419,2,0,12,3,1,2,3,9,0.6363636363636364,724.5384615384615,0.7692307692307693,0,1,0,1,1,0,0,0,0,0,0,0,0,0,0,0,1,0,1,0
38,0,1,4,1,2,4,8686,4,0,22,3,0,2,4,3,0.0,668.1538461538462,0.6153846153846154,0,1,0,1,1,0,0,0,0,0,0,0,0,0,0,0,1,0,0,1
32,0,6,5,3,3,3,3038,3,0,20,1,0,2,3,4,0.16666666666666666,337.55555555555554,0.5555555555555556,0,1,1,0,1,0,0,0,0,1,0,0,0,0,0,1,0,0,0,1
27,0,17,3,3,3,2,3058,0,1,16,4,1,3,2,2,0.16666666666666666,436.85714285714283,0.7142857142857143,0,1,1,0,0,0,0,0,1,1,0,0,0,0,0,1,0,0,1,0
19,1,1,1,3,1,1,2325,0,0,21,1,0,5,4,0,0.0,1162.5,0.0,1,0,0,1,0,0,0,0,1,0,0,0,0,0,0,0,0,1,0,1
36,0,3,2,4,3,2,2088,4,0,12,3,0,3,2,7,0.7777777777777778,149.14285714285714,0.5714285714285714,1,0,1,0,0,0,1,0,0,1,0,1,0,0,0,0,0,0,0,1
30,0,9,3,3,3,1,3072,1,0,11,3,2,4,3,9,0.46153846153846156,236.30769230769232,0.9230769230769231,0,0,1,0,0,0,1,0,0,1,0,1,0,0,0,0,0,0,0,0
45,0,4,2,3,3,1,5006,4,1,11,1,1,3,4,4,0.0,500.6,0.5,0,1,0,1,1,0,0,0,0,0,0,0,0,0,0,0,1,0,0,0
56,0,8,3,3,3,1,4257,4,1,18,3,1,3,3,2,0.6666666666666666,212.85,0.1,0,1,1,0,1,0,0,0,0,0,0,0,0,0,0,1,0,0,0,0
33,0,2,3,3,3,4,2500,0,0,14,1,0,2,4,1,0.0,500.0,0.6,0,1,1,0,1,0,0,0,0,1,0,0,0,0,0,1,0,0,0,1
19,1,2,3,2,2,4,1102,1,0,22,3,0,3,2,0,0.5,551.0,0.5,0,1,1,0,1,0,0,0,0,1,0,1,0,0,0,0,0,0,0,1
46,0,1,2,2,3,1,10453,1,0,25,3,3,2,3,13,0.6,418.12,0.96,0,1,0,1,0,1,0,0,0,0,0,0,0,0,0,0,1,0,0,0
38,0,9,2,3,3,4,2288,1,0,12,3,0,3,3,2,0.6666666666666666,762.6666666666666,0.6666666666666666,0,1,1,0,1,0,0,0,0,0,0,1,0,0,0,0,0,0,0,1
31,0,12,1,3,3,4,3929,8,1,23,3,1,0,3,2,0.0,491.125,0.5,0,1,1,0,0,0,1,0,0,0,0,0,0,0,0,1,0,0,1,0
34,0,27,2,4,3,2,2311,2,0,15,4,0,3,3,2,0.25,231.1,0.3,0,1,1,0,0,0,1,0,0,0,0,0,0,0,0,1,0,0,0,1
41,1,20,2,2,3,2,3140,1,1,22,4,0,5,2,3,0.0,628.0,0.8,0,1,0,1,0,1,0,0,0,0,0,0,0,0,0,0,0,1,0,1
50,0,1,3,3,2,3,3690,2,0,15,4,1,2,2,2,0.0,615.0,0.5,0,1,1,0,0,0,1,0,0,1,0,1,0,0,0,0,0,0,1,0
53,0,13,2,4,4,1,4450,1,0,11,3,2,3,3,2,0.2,741.6666666666666,0.6666666666666666,0,1,1,0,0,0,1,0,0,0,0,0,0,1,0,0,0,0,0,0
33,0,14,3,4,3,2,2756,1,0,13,4,1,5,3,7,0.1111111111111111,306.22222222222223,0.8888888888888888,0,1,1,0,0,0,1,0,0,0,0,0,0,0,0,1,0,0,1,0
40,0,4,1,4,3,3,19033,1,0,14,2,1,2,3,8,0.42857142857142855,865.1363636363636,0.9090909090909091,0,1,1,0,0,0,1,0,0,0,0,0,1,0,0,0,0,0,1,0
55,0,14,4,3,4,2,18722,8,0,11,4,0,3,3,15,0.08,506.0,0.6486486486486487,0,1,1,0,0,0,1,0,0,1,0,0,0,0,1,0,0,0,0,1
34,0,2,1,4,2,3,9547,1,0,17,3,0,2,2,9,0.09090909090909091,867.9090909090909,0.9090909090909091,1,0,1,0,1,0,0,0,0,1,0,0,0,1,0,0,0,0,1,0
51,0,3,3,4,3,2,13734,3,0,18,3,0,6,3,7,0.125,624.2727272727273,0.3181818181818182,0,1,1,0,0,0,1,0,0,0,0,0,0,0,0,0,0,0,0,1
52,0,1,4,3,2,3,19999,0,0,14,1,1,5,3,18,0.3235294117647059,571.4,0.9428571428571428,0,1,1,0,1,0,0,0,0,1,0,0,1,0,0,0,0,0,1,0
27,0,9,3,4,3,2,2279,1,0,16,4,0,2,2,7,0.0,284.875,0.875,0,1,1,0,0,0,1,0,0,0,0,0,0,0,0,1,0,0,0,1
35,1,23,2,2,2,3,5916,3,1,13,1,0,1,3,0,0.0,657.3333333333334,0.1111111111111111,0,1,1,0,1,0,0,0,0,1,0,0,0,1,0,0,0,0,1,0
43,0,7,3,4,4,4,2089,4,0,14,4,3,3,4,4,0.3333333333333333,261.125,0.625,0,0,1,0,0,0,1,0,0,1,0,0,0,0,0,1,0,0,0,0
45,0,2,2,1,2,4,16792,9,0,23,4,1,1,3,8,0.5238095238095238,730.0869565217391,0.8695652173913043,0,0,1,0,0,0,1,0,0,1,0,0,1,0,0,0,0,0,1,0
37,0,21,3,2,4,1,3564,1,1,12,1,1,3,2,7,0.1111111111111111,396.0,0.8888888888888888,0,1,1,0,1,0,0,0,0,1,0,0,0,0,0,1,0,0,1,0
35,0,2,3,2,3,2,4425,5,0,11,4,0,5,3,2,0.14285714285714285,402.27272727272725,0.5454545454545454,1,0,1,0,0,0,1,0,0,0,0,1,0,0,0,0,0,0,0,1
42,0,21,2,3,3,3,5265,2,0,16,2,1,5,3,3,0.0,438.75,0.4166666666666667,0,0,1,0,0,0,1,0,0,0,0,0,0,1,0,0,0,0,0,0
38,0,2,4,4,3,3,6553,9,0,14,2,0,3,3,0,0.0,436.8666666666667,0.06666666666666667,0,1,1,0,1,0,0,0,0,1,0,0,0,1,0,0,0,0,1,0
38,0,29,3,4,3,4,6261,3,0,18,1,1,3,1,7,0.125,626.1,0.7,0,1,1,0,0,0,0,0,1,1,0,0,0,1,0,0,0,0,1,0
27,0,1,1,3,2,1,4298,5,0,19,3,1,1,3,2,0.6666666666666666,614.0,0.2857142857142857,1,0,1,0,0,0,0,0,1,1,0,0,0,1,0,0,0,0,1,0
49,0,18,4,4,3,4,6804,1,1,15,1,2,0,3,7,0.125,850.5,0.875,0,0,1,0,1,0,0,0,0,1,0,0,0,1,0,0,0,0,0,0
34,0,10,4,4,3,3,3815,1,1,17,4,1,4,4,3,0.3333333333333333,635.8333333333334,0.8333333333333334,1,0,1,0,0,0,1,0,0,1,0,0,0,0,0,1,0,0,0,0
40,0,19,2,3,3,4,2741,8,1,15,3,1,2,4,2,0.375,171.3125,0.4375,0,1,1,0,0,0,1,0,0,1,0,1,0,0,0,0,0,0,1,0
38,1,29,1,2,3,1,6673,7,1,19,2,0,2,3,0,0.0,370.72222222222223,0.05555555555555555,0,1,1,0,0,0,1,0,0,1,0,0,0,0,0,0,0,0,1,0
29,1,27,3,2,3,4,7639,1,0,22,4,3,3,2,4,0.09090909090909091,694.4545454545455,0.9090909090909091,0,1,0,1,0,1,0,0,0,0,0,0,0,0,0,0,1,0,1,0
22,0,5,3,4,4,2,2328,1,1,16,1,1,2,2,2,0.4,465.6,0.8,0,1,1,0,1,0,0,0,0,1,0,0,0,0,0,1,0,0,0,0
36,0,18,1,2,3,4,2153,1,0,13,1,0,2,3,1,0.1111111111111111,239.22222222222223,0.8888888888888888,1,0,1,0,0,0,1,0,0,0,0,1,0,0,0,0,0,0,0,1
40,0,9,5,4,2,4,4876,9,0,14,4,1,5,1,2,0.0,812.6666666666666,0.5,0,0,1,0,1,0,0,0,0,1,0,0,0,0,0,0,0,0,1,0
46,0,1,4,4,3,1,9396,7,0,16,3,1,3,3,2,0.0,522.0,0.2222222222222222,0,1,1,0,0,0,1,0,0,1,0,0,0,0,0,0,0,0,0,0
32,1,4,4,4,1,4,10400,1,0,11,3,0,2,2,8,0.6,693.3333333333334,0.9333333333333333,0,1,0,1,0,0,1,0,0,1,0,0,0,0,0,0,1,0,1,0
30,0,1,1,3,2,3,8474,1,0,22,3,0,2,3,8,0.4166666666666667,651.8461538461538,0.8461538461538461,0,0,1,0,1,0,0,0,0,1,0,0,0,1,0,0,0,0,0,1
27,0,20,3,4,3,3,9981,1,0,14,4,0,2,3,7,0.0,1247.625,0.875,1,0,0,1,1,0,0,0,0,0,0,0,0,0,0,0,1,0,0,1
51,0,8,4,2,2,2,12490,5,0,16,4,2,5,1,9,0.36363636363636365,734.7058823529412,0.5882352941176471,0,1,1,0,1,0,0,0,0,1,0,0,0,0,1,0,0,0,1,0
30,1,3,3,4,3,1,2657,5,1,11,3,0,5,3,2,0.0,295.22222222222223,0.5555555555555556,0,1,1,0,0,0,0,0,1,0,0,0,0,0,0,1,0,0,0,1
41,0,6,3,4,3,4,13591,3,1,18,3,0,3,3,0,0.0,799.4705882352941,0.058823529411764705,0,1,0,1,1,0,0,0,0,0,0,0,1,0,0,0,0,0,0,1
30,1,26,4,3,2,1,6696,5,0,15,3,0,5,2,3,0.0,669.6,0.6,1,0,0,1,0,1,0,0,0,0,0,0,0,0,0,0,1,0,0,1
29,1,1,3,3,3,3,2058,0,0,14,4,0,1,2,2,0.14285714285714285,257.25,0.75,0,1,1,0,0,0,0,0,1,1,0,0,0,0,0,1,0,0,0,1
45,0,6,3,4,2,4,8865,6,0,12,4,0,2,3,7,0.6,369.375,0.7916666666666666,0,0,0,1,0,0,1,0,0,0,0,0,0,0,0,0,1,0,0,1
54,0,3,3,4,3,1,5940,2,0,14,4,1,4,3,2,0.0,349.4117647058824,0.35294117647058826,0,1,0,1,0,1,0,0,0,0,0,0,0,0,0,0,1,0,1,0
36,0,5,2,4,3,2,5914,8,0,16,4,0,3,4,11,0.21428571428571427,347.88235294117646,0.7647058823529411,0,1,1,0,1,0,0,0,0,1,0,1,0,0,0,0,0,0,0,1
33,0,4,4,3,2,2,2622,6,0,21,4,0,3,3,2,0.25,327.75,0.375,0,1,1,0,0,0,1,0,0,0,0,0,0,0,0,1,0,0,1,0
37,0,11,3,2,3,4,12185,1,1,14,3,3,1,3,8,0.0,1107.7272727272727,0.9090909090909091,1,0,1,0,0,0,0,1,0,1,0,0,0,0,1,0,0,0,0,0
38,0,3,3,1,3,3,10609,0,0,12,3,2,6,2,10,0.29411764705882354,589.3888888888889,0.8888888888888888,0,1,0,1,1,0,0,0,0,1,0,0,0,0,0,0,1,0,0,0
31,0,1,4,3,1,3,4345,0,0,12,4,1,2,3,4,0.16666666666666666,620.7142857142857,0.7142857142857143,0,0,1,0,0,0,1,0,0,1,0,0,0,1,0,0,0,0,1,0
59,0,3,3,3,2,4,2177,3,0,17,1,1,6,3,0,0.0,272.125,0.125,0,1,1,0,1,0,0,0,0,1,0,0,0,0,0,1,0,0,1,0
37,0,4,4,1,3,4,2793,4,0,17,3,1,2,3,8,0.5,199.5,0.6428571428571429,1,0,0,1,0,1,0,0,0,1,0,0,0,0,0,0,0,1,0,0
29,0,1,1,2,3,4,7918,1,0,14,4,1,5,3,10,0.3333333333333333,659.8333333333334,0.9166666666666666,1,0,0,1,0,0,1,0,0,0,0,0,0,0,0,0,1,0,1,0
35,0,1,3,3,3,3,8789,1,0,14,1,0,3,4,7,0.0,799.0,0.9090909090909091,1,0,0,1,0,1,0,0,0,0,0,0,0,0,0,0,1,0,0,1
29,1,18,1,3,2,4,2389,1,1,13,3,0,3,2,3,0.0,477.8,0.8,0,1,1,0,0,0,1,0,0,1,0,0,0,0,0,1,0,0,0,1
52,0,2,3,3,2,4,3212,7,0,15,2,0,3,2,2,0.6666666666666666,458.85714285714283,0.2857142857142857,0,1,1,0,1,0,0,0,0,0,0,1,0,0,0,0,0,0,0,1
42,0,4,2,3,3,4,19232,1,0,11,4,0,3,3,17,0.4782608695652174,836.1739130434783,0.9565217391304348,0,1,1,0,0,0,0,0,1,1,0,0,1,0,0,0,0,0,1,0
59,0,6,2,2,3,3,2267,8,0,17,4,0,2,2,2,0.6666666666666666,283.375,0.25,0,1,0,0,0,0,1,0,0,1,1,0,0,0,0,0,0,0,1,0
50,0,1,4,4,3,4,19517,3,0,11,3,1,3,2,0,0.0,591.4242424242424,0.21212121212121213,0,1,0,1,0,0,1,0,0,0,0,0,1,0,0,0,0,0,0,0
33,1,14,3,3,3,4,2436,5,1,13,3,1,2,1,4,0.0,270.6666666666667,0.5555555555555556,0,1,1,0,0,0,1,0,0,1,0,1,0,0,0,0,0,0,1,0
43,0,16,3,4,3,4,16064,5,1,22,3,1,3,3,13,0.05555555555555555,698.4347826086956,0.7391304347826086,0,1,0,1,0,1,0,0,0,0,0,0,1,0,0,0,0,0,1,0
33,1,2,2,1,3,1,2707,7,0,20,1,0,3,4,7,0.1,193.35714285714286,0.6428571428571429,0,1,1,0,1,0,0,0,0,0,0,1,0,0,0,0,0,0,1,0
52,0,2,4,1,2,3,19068,1,1,18,4,0,2,4,7,0.4411764705882353,560.8235294117648,0.9705882352941176,0,0,0,1,1,0,0,0,0,1,0,0,1,0,0,0,0,0,0,1
32,0,4,2,3,3,2,3931,2,0,11,1,1,5,3,3,0.2,561.5714285714286,0.5714285714285714,0,1,0,1,1,0,0,0,0,0,0,0,0,0,0,0,0,1,1,0
32,1,1,3,4,2,3,3730,0,1,14,4,0,2,1,2,0.25,746.0,0.6,0,1,1,0,1,0,0,0,0,1,0,1,0,0,0,0,0,0,0,1
39,0,1,4,3,3,3,2232,7,0,14,3,3,1,3,2,0.25,279.0,0.375,0,1,1,0,0,0,1,0,0,0,0,1,0,0,0,0,0,0,0,0
32,0,26,4,3,3,4,4465,0,0,18,1,0,2,3,2,0.5,893.0,0.6,0,0,0,1,0,1,0,0,0,1,0,0,0,0,0,0,1,0,1,0
41,0,19,2,3,3,1,3072,2,0,16,1,2,2,2,0,0.0,170.66666666666666,0.05555555555555555,0,1,1,0,1,0,0,0,0,1,0,0,0,0,0,1,0,0,0,0
40,0,24,2,1,3,4,3319,1,0,17,1,2,3,3,8,0.4,331.9,0.9,0,1,1,0,0,0,0,0,1,1,0,0,0,0,0,1,0,0,0,0
45,0,1,3,3,4,4,19202,0,0,11,3,1,2,3,0,0.04,738.5384615384615,0.9230769230769231,0,1,1,0,0,0,0,1,0,1,0,0,1,0,0,0,0,0,1,0
31,0,3,4,2,3,3,13675,9,0,12,1,1,3,3,2,0.6666666666666666,1367.5,0.2,1,0,1,0,0,0,1,0,0,1,0,0,0,0,1,0,0,0,0,0
33,0,5,4,3,2,4,2911,1,0,13,3,1,2,2,2,0.0,970.3333333333334,0.6666666666666666,0,1,1,0,1,0,0,0,0,0,0,0,0,0,0,1,0,0,1,0
34,0,2,4,4,2,1,5957,6,0,13,2,1,3,3,9,0.4166666666666667,425.5,0.7857142857142857,0,1,1,0,1,0,0,0,0,1,0,0,0,1,0,0,0,0,1,0
37,0,1,2,3,2,1,3920,2,0,14,1,1,2,2,1,0.0,217.77777777777777,0.16666666666666666,0,1,1,0,0,0,1,0,0,0,0,0,0,0,0,1,0,0,1,0
45,0,7,4,1,4,3,6434,4,0,17,4,1,1,3,2,0.0,643.4,0.3,1,0,1,0,1,0,0,0,0,1,0,0,0,1,0,0,0,0,1,0
37,1,10,3,1,3,3,10048,6,0,11,2,2,5,3,0,0.0,558.2222222222222,0.05555555555555555,1,0,1,0,0,0,1,0,0,1,0,0,0,1,0,0,0,0,0,0
39,0,2,4,3,3,3,10938,0,0,25,4,0,1,3,6,0.55,520.8571428571429,0.9047619047619048,1,0,1,0,0,0,0,0,1,0,0,0,0,0,0,0,0,0,0,1
29,0,15,3,3,3,4,2340,1,0,19,1,0,1,3,5,0.14285714285714285,334.2857142857143,0.8571428571428571,0,1,1,0,1,0,0,0,0,1,0,0,0,0,0,1,0,0,0,1
42,0,17,2,4,4,1,6545,3,1,13,3,0,1,3,2,0.0,595.0,0.2727272727272727,0,1,1,0,1,0,0,0,0,0,0,0,0,0,0,1,0,0,0,1
29,0,20,2,4,3,4,6931,2,0,14,4,1,2,3,2,0.0,630.0909090909091,0.2727272727272727,0,1,0,1,0,1,0,0,0,1,0,0,0,0,0,0,1,0,0,0
25,0,1,3,1,3,3,4898,0,0,12,4,2,3,3,2,0.2,816.3333333333334,0.6666666666666666,0,1,1,0,1,0,0,0,0,0,0,0,0,1,0,0,0,0,1,0
42,0,2,3,4,2,1,2593,0,1,11,3,1,4,3,6,0.7,235.72727272727272,0.8181818181818182,0,1,1,0,0,0,1,0,0,0,0,1,0,0,0,0,0,0,0,0
40,0,2,2,1,3,3,19436,0,0,19,4,1,5,3,7,0.13636363636363635,845.0434782608696,0.9130434782608695,0,1,1,0,0,0,1,0,0,1,0,0,0,0,1,0,0,0,0,0
51,0,1,3,3,3,4,2723,1,0,11,2,0,0,2,0,0.0,1361.5,0.5,0,1,1,0,1,0,0,0,0,1,0,0,0,0,0,1,0,0,1,0
31,1,29,2,3,2,2,3479,0,0,11,2,0,2,4,4,0.16666666666666666,497.0,0.7142857142857143,1,0,1,0,0,0,1,0,0,1,0,1,0,0,0,0,0,0,0,1
32,0,7,3,2,4,2,2794,1,0,20,3,0,3,1,1,0.0,465.6666666666667,0.8333333333333334,1,0,1,0,1,0,0,0,0,1,0,1,0,0,0,0,0,0,1,0
38,0,2,2,4,2,4,5249,3,0,18,4,1,0,3,7,0.7777777777777778,374.92857142857144,0.5714285714285714,0,0,0,1,1,0,0,0,0,1,0,0,0,0,0,0,1,0,1,0
32,0,2,1,4,2,1,2176,4,0,13,4,0,5,3,2,0.0,217.6,0.6,0,1,1,0,0,0,0,0,1,1,0,1,0,0,0,0,0,0,0,1
46,0,2,3,3,1,2,16872,3,1,12,2,1,2,2,7,0.875,581.7931034482758,0.2413793103448276,0,1,0,1,0,0,0,0,1,0,0,0,1,0,0,0,0,0,1,0
28,1,2,4,1,3,3,3485,2,0,11,3,0,5,1,0,0.0,580.8333333333334,0.0,0,1,1,0,1,0,0,0,0,1,0,1,0,0,0,0,0,0,0,1
29,0,2,3,1,2,2,6644,2,0,19,2,2,2,3,0,0.0,604.0,0.0,0,1,0,1,0,0,1,0,0,1,0,0,0,0,0,0,1,0,1,0
31,0,23,3,2,2,4,5582,0,0,21,2,1,2,3,0,0.7,507.45454545454544,0.8181818181818182,0,1,1,0,0,0,1,0,0,1,0,0,0,0,0,0,0,0,1,0
25,0,5,2,2,4,1,4000,1,0,12,4,2,2,3,3,0.14285714285714285,571.4285714285714,0.8571428571428571,0,0,1,0,1,0,0,0,0,1,0,0,0,0,0,0,0,0,0,0
45,0,20,2,3,3,4,13496,0,1,14,2,0,2,3,7,0.19047619047619047,613.4545454545455,0.9090909090909091,0,1,1,0,0,0,1,0,0,1,0,0,0,0,0,0,0,0,1,0
36,0,6,3,4,3,4,3210,0,0,11,3,1,4,3,13,0.625,188.8235294117647,0.8823529411764706,0,1,1,0,1,0,0,0,0,1,0,1,0,0,0,0,0,0,1,0
55,0,1,3,4,3,1,19045,0,1,14,3,0,2,3,10,0.10810810810810811,501.1842105263158,0.9473684210526315,0,1,1,0,0,0,1,0,0,1,0,0,1,0,0,0,0,0,0,1
47,1,29,4,1,3,2,11849,1,1,12,4,1,2,2,7,0.8181818181818182,1077.1818181818182,0.9090909090909091,0,0,1,0,1,0,0,0,0,1,0,0,1,0,0,0,0,0,1,0
28,0,9,3,4,3,4,2070,1,0,23,4,1,3,2,2,0.0,345.0,0.8333333333333334,0,1,1,0,0,0,1,0,0,1,0,0,0,0,0,1,0,0,1,0
37,0,6,4,3,3,4,6502,4,0,14,2,1,5,4,4,0.0,812.75,0.625,0,1,0,1,0,0,1,0,0,1,0,0,0,0,0,0,1,0,1,0
21,0,3,2,4,2,3,3230,1,0,17,1,0,4,4,2,0.25,807.5,0.75,0,1,1,0,0,0,1,0,0,1,0,0,0,0,0,1,0,0,0,1
37,0,1,4,1,3,4,13603,2,1,18,1,2,2,3,2,0.0,850.1875,0.3125,0,0,1,0,0,0,1,0,0,0,0,0,0,0,1,0,0,0,0,0
35,0,22,3,2,4,2,11996,7,0,18,2,1,6,2,7,0.75,1090.5454545454545,0.6363636363636364,0,1,1,0,1,0,0,0,0,0,0,0,1,0,0,0,0,0,0,0
38,0,7,2,1,4,1,5605,1,1,24,3,1,3,3,0,0.7777777777777778,622.7777777777778,0.8888888888888888,0,1,0,1,0,0,1,0,0,0,0,0,0,0,0,0,1,0,0,0
26,0,1,3,3,3,2,6397,1,0,20,1,1,6,1,5,0.14285714285714285,913.8571428571429,0.8571428571428571,1,0,1,0,1,0,0,0,0,0,0,0,0,1,0,0,0,0,0,0
50,0,4,1,1,3,2,19144,3,0,14,1,2,4,2,4,0.09090909090909091,660.1379310344828,0.3448275862068966,0,1,1,0,1,0,0,0,0,1,0,0,0,0,1,0,0,0,0,0
53,0,3,4,3,3,3,17584,3,1,16,4,3,5,2,3,0.16666666666666666,799.2727272727273,0.22727272727272727,0,1,1,0,0,0,1,0,0,1,0,0,0,0,1,0,0,0,1,0
42,0,1,1,2,3,3,4907,1,0,25,3,0,3,3,16,0.5238095238095238,233.66666666666666,0.9523809523809523,0,1,0,1,1,0,0,0,0,1,0,0,0,0,0,0,1,0,1,0
29,0,2,2,2,3,4,4554,1,0,18,1,0,3,2,7,0.0,414.0,0.9090909090909091,1,0,0,1,1,0,0,0,0,1,0,0,0,0,0,0,1,0,0,1
55,0,20,2,2,3,4,5415,3,1,19,4,1,4,3,7,0.0,416.53846153846155,0.7692307692307693,0,1,1,0,0,0,0,0,1,1,0,1,0,0,0,0,0,0,1,0
26,0,11,2,1,3,1,4741,1,1,13,3,1,3,3,3,0.5,790.1666666666666,0.8333333333333334,1,0,1,0,0,0,1,0,0,1,0,0,0,0,0,0,0,0,1,0
37,0,1,3,4,3,4,2115,1,0,12,2,0,3,3,12,0.2777777777777778,117.5,0.9444444444444444,0,1,1,0,1,0,0,0,0,0,0,0,0,0,0,1,0,0,0,1
44,1,24,3,4,3,3,3161,3,1,22,4,1,0,1,0,0.0,158.05,0.05,1,0,1,0,1,0,0,0,0,1,0,1,0,0,0,0,0,0,0,0
38,0,23,4,4,3,4,5745,9,0,14,2,1,2,3,2,0.3333333333333333,522.2727272727273,0.18181818181818182,0,1,1,0,1,0,0,0,0,1,0,0,0,0,0,0,0,0,0,0
26,1,16,4,1,3,2,2373,2,1,13,4,1,2,3,2,0.0,395.5,0.5,0,1,1,0,0,0,1,0,0,1,0,1,0,0,0,0,0,0,0,0
28,0,8,2,4,3,4,3310,1,0,21,4,0,3,3,3,0.0,551.6666666666666,0.8333333333333334,0,1,1,0,1,0,0,0,0,0,0,0,0,0,0,1,0,0,0,1
49,0,10,4,3,3,1,18665,9,1,11,4,0,4,3,2,0.25,811.5217391304348,0.13043478260869565,1,0,1,0,1,0,0,0,0,0,0,0,0,0,1,0,0,0,0,1
36,0,3,3,3,3,2,4485,4,0,12,4,0,2,3,0,0.7777777777777778,407.72727272727275,0.7272727272727273,0,1,1,0,0,0,0,0,1,1,0,0,0,0,0,1,0,0,0,1
31,0,5,3,4,3,2,2789,1,0,11,3,1,5,2,2,0.6666666666666666,929.6666666666666,0.6666666666666666,1,0,0,1,0,1,0,0,0,0,0,0,0,0,0,0,0,1,0,0
26,1,4,4,4,2,4,5828,1,1,12,2,0,0,3,7,0.7777777777777778,647.5555555555555,0.8888888888888888,0,1,0,1,0,1,0,0,0,1,0,0,0,0,0,0,1,0,0,1
37,0,9,3,2,3,4,2326,1,1,12,3,3,3,2,2,0.2,465.2,0.8,1,0,1,0,0,0,1,0,0,1,0,0,0,0,0,1,0,0,1,0
42,0,26,3,3,3,2,13525,5,0,14,4,1,2,4,4,0.19047619047619047,563.5416666666666,0.8333333333333334,1,0,0,1,0,1,0,0,0,0,0,0,0,0,0,0,1,0,1,0
18,1,3,3,3,3,3,1420,1,0,13,3,0,2,3,0,0.0,1420.0,0.0,0,1,1,0,1,0,0,0,0,1,0,1,0,0,0,0,0,0,0,1
35,0,16,3,3,3,2,8020,0,0,15,3,2,3,2,9,0.5,616.9230769230769,0.8461538461538461,0,1,0,1,0,1,0,0,0,1,0,0,0,0,0,0,1,0,1,0
36,0,18,4,3,4,4,3688,4,0,18,4,2,2,3,0,0.0,737.6,0.2,1,0,1,0,1,0,0,0,0,1,0,1,0,0,0,0,0,0,1,0
51,0,2,3,4,1,2,5482,5,0,18,4,1,3,3,1,0.2,391.57142857142856,0.2857142857142857,0,1,1,0,0,0,1,0,0,1,0,0,0,1,0,0,0,0,0,0
41,0,2,4,4,3,2,16015,1,0,19,2,0,2,3,10,0.0,696.304347826087,0.9565217391304348,0,1,0,1,1,0,0,0,0,1,0,0,1,0,0,0,0,0,0,1
18,0,10,3,4,2,3,1200,1,0,12,1,0,2,3,0,0.0,1200.0,0.0,0,1,0,1,0,0,1,0,0,0,0,0,0,0,0,0,0,1,0,1
28,0,16,2,2,4,1,5661,0,0,19,3,0,2,3,3,0.0,566.1,0.8,0,1,1,0,0,0,1,0,0,1,0,0,0,0,0,0,0,0,0,1
31,0,7,3,2,4,4,6929,4,0,11,2,1,3,2,7,0.7777777777777778,629.9090909090909,0.7272727272727273,0,1,0,1,0,0,0,0,1,1,0,0,0,0,0,0,1,0,1,0
39,0,1,3,3,4,4,9613,0,0,17,1,3,5,2,10,0.15789473684210525,480.65,0.9,0,1,1,0,0,0,1,0,0,1,0,0,0,0,0,0,0,0,0,0
36,0,24,4,2,3,2,5674,7,0,15,3,1,3,3,8,0.0,472.8333333333333,0.75,0,0,1,0,1,0,0,0,0,0,0,1,0,0,0,0,0,0,1,0
32,0,7,3,4,2,3,5484,1,0,14,3,1,3,2,8,0.2857142857142857,391.7142857142857,0.9285714285714286,0,1,0,1,1,0,0,0,0,1,0,0,0,0,0,0,1,0,1,0
38,0,25,2,1,2,2,12061,3,0,17,3,1,2,3,8,0.0,603.05,0.5,0,1,1,0,1,0,0,0,0,0,0,0,0,0,1,0,0,0,1,0
58,0,1,4,4,1,3,5660,2,1,13,4,1,2,3,3,0.16666666666666666,435.38461538461536,0.38461538461538464,0,0,1,0,1,0,0,0,0,1,0,0,0,0,0,0,0,0,0,0
31,0,5,4,3,3,4,4821,0,1,12,3,1,4,3,2,0.0,688.7142857142857,0.7142857142857143,0,1,1,0,0,0,0,0,1,1,0,0,0,0,0,1,0,0,1,0
31,0,2,3,1,2,1,6410,3,0,12,4,0,1,3,2,0.3333333333333333,641.0,0.2,0,1,0,0,0,0,0,0,0,1,1,0,0,0,0,0,0,0,1,0
45,0,7,3,1,3,1,5210,1,0,18,1,1,2,3,9,0.36,208.4,0.96,1,0,1,0,1,0,0,0,0,1,0,1,0,0,0,0,0,0,0,0
31,0,2,4,3,3,4,2695,0,1,18,2,1,2,1,2,0.6666666666666666,673.75,0.5,0,1,1,0,1,0,0,0,0,1,0,0,0,0,0,1,0,0,0,0
33,0,5,4,4,3,2,11878,6,0,11,2,2,2,3,6,0.7272727272727273,913.6923076923077,0.7692307692307693,1,0,1,0,1,0,0,0,0,0,0,0,1,0,0,0,0,0,1,0
39,0,10,1,3,3,1,17068,1,1,14,4,0,3,3,9,0.5,775.8181818181819,0.9545454545454546,0,1,1,0,0,0,1,0,0,1,0,0,1,0,0,0,0,0,1,0
43,0,10,4,3,3,4,2455,0,0,19,1,0,5,3,7,0.1111111111111111,245.5,0.8,1,0,1,0,1,0,0,0,0,0,0,1,0,0,0,0,0,0,0,1
49,0,1,2,3,2,3,13964,7,1,12,4,0,2,3,1,0.0,537.0769230769231,0.2692307692307692,0,1,1,0,0,0,0,0,1,0,0,0,0,0,0,0,0,0,0,1
52,1,8,4,3,2,2,4941,2,0,15,1,0,3,2,2,0.7777777777777778,411.75,0.6666666666666666,0,1,1,0,0,0,1,0,0,1,0,0,0,0,0,1,0,0,1,0
27,0,5,3,3,3,2,2478,1,1,12,2,0,2,2,3,0.2,495.6,0.8,0,1,1,0,1,0,0,0,0,0,0,0,0,0,0,1,0,0,0,1
32,0,8,2,3,2,2,5228,1,1,11,4,0,2,3,12,0.7857142857142857,373.42857142857144,0.9285714285714286,0,1,0,1,0,0,0,0,1,0,0,0,0,0,0,0,1,0,1,0
27,0,2,3,4,3,3,4478,1,1,11,1,0,3,3,4,0.0,746.3333333333334,0.8333333333333334,0,1,0,1,1,0,0,0,0,1,0,0,0,0,0,0,1,0,0,1
31,0,7,3,4,3,4,7547,4,0,12,4,3,3,3,7,0.125,539.0714285714286,0.5,0,1,0,1,0,1,0,0,0,1,0,0,0,0,0,0,1,0,0,0
32,0,2,4,1,4,4,5055,7,0,16,3,0,0,2,7,0.0,459.54545454545456,0.6363636363636364,0,1,1,0,0,0,1,0,0,0,0,0,0,0,0,1,0,0,0,1
28,1,2,4,1,1,4,3464,5,1,13,4,0,4,2,2,0.5,577.3333333333334,0.5,0,1,1,0,0,0,1,0,0,1,0,0,0,0,0,1,0,0,1,0
30,0,28,2,4,3,4,5775,1,0,13,4,2,2,3,8,0.09090909090909091,481.25,0.8333333333333334,0,1,1,0,0,0,1,0,0,0,0,0,0,0,0,1,0,0,1,0
31,0,7,2,3,2,3,8943,1,0,24,1,1,2,3,9,0.7272727272727273,813.0,0.9090909090909091,1,0,1,0,1,0,0,0,0,0,0,0,0,1,0,0,0,0,1,0
39,0,7,2,3,2,4,19272,1,0,15,1,1,2,3,9,0.5909090909090909,876.0,0.9545454545454546,1,0,1,0,0,0,1,0,0,1,0,0,1,0,0,0,0,0,1,0
39,1,3,2,4,3,3,5238,4,1,18,1,0,3,2,0,0.0,402.9230769230769,0.07692307692307693,0,1,0,1,0,0,1,0,0,0,0,0,0,0,0,0,1,0,1,0
33,0,10,3,2,2,4,4682,3,0,14,3,0,6,2,7,0.0,468.2,0.7,1,0,0,1,0,1,0,0,0,1,0,0,0,0,0,0,1,0,0,1
47,0,5,5,4,3,3,18300,4,0,11,2,1,2,3,2,0.25,831.8181818181819,0.13636363636363635,0,1,1,0,1,0,0,0,0,1,0,0,0,0,1,0,0,0,1,0
43,0,10,4,3,2,3,5257,1,0,11,2,1,3,4,7,0.0,525.7,0.9,1,0,1,0,1,0,0,0,0,0,0,1,0,0,0,0,0,0,0,0
27,0,1,1,3,3,2,6349,0,1,13,4,1,0,3,4,0.16666666666666666,907.0,0.7142857142857143,0,0,0,1,0,1,0,0,0,1,0,0,0,0,0,0,1,0,1,0
54,0,20,4,4,3,3,4869,3,0,12,4,0,4,2,3,0.0,231.85714285714286,0.19047619047619047,1,0,1,0,1,0,0,0,0,0,0,0,0,0,0,1,0,0,0,1
43,0,7,3,3,3,1,9985,8,0,16,1,1,1,2,0,0.0,907.7272727272727,0.09090909090909091,0,1,1,0,1,0,0,0,0,0,0,0,0,0,0,0,0,0,1,0
45,0,8,4,4,3,4,3697,9,0,14,1,2,3,3,9,0.8181818181818182,284.38461538461536,0.7692307692307693,0,1,1,0,0,0,0,1,0,1,0,0,0,0,0,1,0,0,1,0
40,0,1,2,2,1,4,7457,2,1,22,3,3,2,2,3,0.0,1065.2857142857142,0.5714285714285714,0,1,0,1,0,0,1,0,0,1,0,0,0,0,0,0,1,0,1,0
29,1,8,4,2,1,1,2119,1,1,11,4,0,4,2,7,0.0,264.875,0.875,0,1,1,0,0,0,0,1,0,1,0,1,0,0,0,0,0,0,1,0
29,0,9,5,2,2,4,3983,0,0,17,3,0,2,3,2,0.5,796.6,0.6,0,1,1,0,0,0,0,1,0,1,0,1,0,0,0,0,0,0,0,1
30,0,5,3,4,2,3,6118,1,0,13,3,3,2,3,9,0.09090909090909091,556.1818181818181,0.9090909090909091,0,1,0,1,0,1,0,0,0,0,0,0,0,0,0,0,1,0,0,0
27,0,8,4,2,3,2,6214,1,0,18,1,1,3,3,7,0.0,690.4444444444445,0.8888888888888888,0,1,0,1,0,1,0,0,0,0,0,0,0,0,0,0,1,0,1,0
37,0,5,2,4,3,4,6347,7,0,16,3,2,2,2,2,0.0,705.2222222222222,0.6666666666666666,0,1,1,0,0,0,1,0,0,1,0,0,0,1,0,0,0,0,0,0
38,0,15,2,3,2,4,11510,0,1,14,2,1,3,3,10,0.16666666666666666,885.3846153846154,0.8461538461538461,0,1,1,0,1,0,0,0,0,1,0,0,0,0,1,0,0,0,0,0
31,0,7,4,3,3,4,7143,1,1,14,3,0,2,2,9,0.3333333333333333,595.25,0.9166666666666666,0,1,1,0,0,0,1,0,0,0,0,0,0,1,0,0,0,0,0,1
29,0,10,1,4,2,2,8268,1,1,14,1,2,2,3,7,0.125,1033.5,0.875,0,1,0,1,0,1,0,0,0,0,0,0,0,0,0,0,1,0,0,0
35,0,5,4,3,3,2,8095,0,0,13,4,0,5,3,6,0.0,449.72222222222223,0.8888888888888888,0,1,1,0,0,0,0,0,1,1,0,0,0,1,0,0,0,0,0,1
23,0,26,1,3,3,4,2904,1,0,12,3,2,2,2,2,0.0,580.8,0.8,0,1,1,0,1,0,0,0,0,1,0,0,0,0,0,1,0,0,0,0
41,0,6,3,4,2,2,6032,6,1,15,4,0,3,3,4,0.16666666666666666,670.2222222222222,0.5555555555555556,0,1,1,0,0,0,1,0,0,1,0,0,0,1,0,0,0,0,0,1
47,0,4,1,2,3,3,2976,3,0,19,1,0,3,3,0,0.0,496.0,0.0,1,0,0,1,0,0,1,0,0,1,0,0,0,0,0,0,0,1,0,1
42,0,23,5,1,3,4,15992,2,0,14,2,0,2,3,0,0.0,940.7058823529412,0.058823529411764705,0,1,1,0,1,0,0,0,0,0,0,0,0,0,1,0,0,0,0,1
29,0,2,3,4,3,3,4649,1,0,14,1,1,3,2,3,0.0,929.8,0.8,0,0,0,1,1,0,0,0,0,1,0,0,0,0,0,0,1,0,1,0
42,0,2,1,3,3,3,2696,0,1,11,3,1,5,3,2,0.25,539.2,0.6,0,1,0,0,0,0,0,0,1,1,1,0,0,0,0,0,0,0,0,0
32,0,2,3,3,3,2,2370,1,0,13,3,1,4,3,0,0.0,263.3333333333333,0.8888888888888888,0,1,1,0,0,0,1,0,0,0,0,1,0,0,0,0,0,0,1,0
48,0,29,1,1,3,3,12504,3,0,21,2,1,3,1,0,0.0,781.5,0.0,0,1,0,1,0,0,1,0,0,0,0,0,1,0,0,0,0,0,1,0
37,0,6,3,3,4,1,5974,4,1,13,1,2,2,3,7,0.75,426.7142857142857,0.5,0,1,1,0,0,0,1,0,0,1,0,0,0,0,0,1,0,0,0,0
30,0,25,2,4,3,3,4736,7,1,12,2,1,2,4,2,0.6666666666666666,947.2,0.4,0,0,0,1,0,0,0,0,1,0,0,0,0,0,0,0,1,0,1,0
26,0,1,3,3,3,3,5296,1,0,17,2,1,3,3,7,0.7777777777777778,588.4444444444445,0.8888888888888888,0,1,0,1,1,0,0,0,0,1,0,0,0,0,0,0,1,0,1,0
42,0,2,4,1,2,4,6781,3,0,23,2,0,6,3,0,0.0,452.06666666666666,0.06666666666666667,0,1,1,0,0,0,0,1,0,1,0,0,0,0,0,0,0,0,0,1
21,1,1,1,1,2,2,2174,1,1,11,3,0,3,3,2,0.25,543.5,0.75,1,0,0,1,0,0,0,0,1,0,0,0,0,0,0,0,0,1,0,1
36,0,1,5,4,3,4,6653,4,0,15,2,0,6,3,0,0.0,831.625,0.125,0,0,0,1,0,0,1,0,0,0,0,0,0,0,0,0,1,0,0,1
36,0,3,4,1,2,4,9699,4,0,11,1,1,2,3,9,0.07142857142857142,570.5294117647059,0.7647058823529411,1,0,0,1,0,0,1,0,0,1,0,0,0,0,0,0,1,0,1,0
57,0,1,4,4,3,3,6755,2,0,11,3,0,2,3,2,0.25,422.1875,0.1875,0,1,1,0,0,0,1,0,0,1,0,0,0,0,0,0,0,0,1,0
40,0,10,4,4,4,3,2213,3,1,13,3,1,3,3,7,0.125,201.1818181818182,0.6363636363636364,0,1,1,0,1,0,0,0,0,0,0,1,0,0,0,0,0,0,1,0
21,0,9,2,1,3,4,2610,1,0,24,3,0,3,2,2,0.5,652.5,0.75,0,0,0,1,0,0,1,0,0,1,0,0,0,0,0,0,0,1,0,1
33,1,5,3,4,3,3,2851,1,1,13,2,0,2,3,0,0.0,1425.5,0.5,0,1,0,1,0,1,0,0,0,0,0,0,0,0,0,0,0,1,0,1
37,0,10,3,3,3,1,3452,6,0,20,2,1,3,3,4,0.0,191.77777777777777,0.2777777777777778,0,1,1,0,0,0,1,0,0,0,0,1,0,0,0,0,0,0,1,0
46,0,7,4,3,3,3,5258,2,0,14,3,0,2,4,0,0.0,657.25,0.125,0,0,1,0,0,0,1,0,0,0,0,0,0,1,0,0,0,0,1,0
41,1,4,3,1,3,2,9355,1,0,18,3,0,5,3,7,0.7777777777777778,1039.4444444444443,0.8888888888888888,1,0,0,1,0,1,0,0,0,1,0,0,0,0,0,0,1,0,0,1
50,0,10,3,4,2,4,10496,6,0,15,4,0,2,3,3,0.2,499.8095238095238,0.19047619047619047,0,1,1,0,0,0,0,0,1,1,0,0,0,0,0,0,0,0,0,1
40,1,22,2,3,2,3,6380,2,1,12,1,2,6,3,4,0.14285714285714285,708.8888888888889,0.6666666666666666,0,1,0,1,0,1,0,0,0,1,0,0,0,0,0,0,1,0,1,0
31,0,9,4,3,2,2,2657,0,1,16,4,0,5,3,2,0.6666666666666666,664.25,0.5,0,1,1,0,1,0,0,0,0,1,0,0,0,0,0,1,0,0,0,1
21,1,12,3,3,4,2,2716,1,0,15,4,0,0,3,0,0.0,1358.0,0.5,0,1,0,1,1,0,0,0,0,0,0,0,0,0,0,0,0,1,0,1
29,0,23,3,4,3,4,2201,9,0,16,4,0,4,3,2,0.25,314.42857142857144,0.42857142857142855,0,1,1,0,1,0,0,0,0,1,0,0,0,0,0,1,0,0,0,1
35,0,9,4,3,2,2,6540,9,0,19,3,0,5,3,1,0.0,594.5454545454545,0.09090909090909091,0,1,1,0,1,0,0,0,0,1,0,0,0,0,0,0,0,0,0,1
27,0,1,2,4,3,2,3816,1,0,11,2,1,2,3,2,0.0,636.0,0.8333333333333334,0,1,1,0,0,0,1,0,0,1,0,1,0,0,0,0,0,0,0,0
28,0,9,4,2,3,4,5253,1,0,16,4,0,1,3,5,0.0,656.625,0.875,0,1,0,1,1,0,0,0,0,1,0,0,0,0,0,0,1,0,0,1
49,0,7,3,2,2,3,10965,8,0,24,3,0,2,3,2,0.0,406.1111111111111,0.18518518518518517,0,1,1,0,0,0,0,1,0,1,0,0,0,0,0,0,0,0,0,1
51,0,14,2,3,3,4,4936,4,0,11,3,1,2,2,7,0.0,259.7894736842105,0.3684210526315789,0,1,0,1,1,0,0,0,0,0,0,0,0,0,0,0,1,0,1,0
36,0,2,3,4,3,3,2543,4,0,13,2,1,3,3,2,0.6666666666666666,363.2857142857143,0.2857142857142857,0,1,1,0,1,0,0,0,0,0,0,0,0,0,0,1,0,0,1,0
34,1,19,3,1,4,4,5304,8,1,13,2,0,3,2,2,0.0,530.4,0.5,0,0,0,1,0,1,0,0,0,1,0,0,0,0,0,0,1,0,0,1
55,0,2,3,3,3,4,16659,2,1,13,3,0,2,3,4,0.16666666666666666,537.3870967741935,0.16129032258064516,0,1,1,0,1,0,0,0,0,0,0,0,1,0,0,0,0,0,0,1
24,0,10,4,4,3,3,4260,1,1,12,4,1,2,4,2,0.0,710.0,0.8333333333333334,0,1,0,1,0,1,0,0,0,0,0,0,0,0,0,0,1,0,0,0
30,0,2,1,3,3,2,2476,1,0,18,1,1,3,3,0,0.0,1238.0,0.5,0,1,0,1,0,0,0,0,1,1,0,0,0,0,0,0,0,1,1,0
26,1,3,1,3,3,1,3102,0,0,22,3,0,2,3,4,0.0,387.75,0.75,1,0,1,0,0,0,0,0,1,1,0,0,0,0,0,1,0,0,0,1
22,0,11,3,1,3,2,2244,1,0,13,4,1,1,3,1,0.3333333333333333,748.0,0.6666666666666666,0,1,1,0,0,0,1,0,0,0,0,0,0,0,0,1,0,0,1,0
36,0,2,2,2,2,3,7596,1,0,13,2,2,2,3,9,0.8181818181818182,690.5454545454545,0.9090909090909091,0,1,0,1,0,0,1,0,0,1,0,0,0,0,0,0,1,0,1,0
30,1,4,3,3,3,4,2285,9,1,23,3,0,4,3,0,0.0,571.25,0.25,1,0,1,0,0,0,0,0,1,1,0,0,0,0,0,1,0,0,0,1
37,0,14,3,4,3,1,3034,1,0,12,3,1,2,2,7,0.631578947368421,159.68421052631578,0.9473684210526315,0,1,1,0,1,0,0,0,0,0,0,1,0,0,0,0,0,0,0,0
40,0,2,2,4,3,2,5715,7,0,12,3,2,5,3,4,0.16666666666666666,635.0,0.5555555555555556,0,1,0,1,0,1,0,0,0,0,0,0,0,0,0,0,1,0,0,0
42,0,1,4,2,3,1,2576,3,0,16,2,1,5,3,2,0.16666666666666666,286.22222222222223,0.5555555555555556,0,1,1,0,1,0,0,0,0,0,0,1,0,0,0,0,0,0,0,0
37,0,10,4,3,3,2,4197,2,1,12,4,0,2,2,0,0.0,220.89473684210526,0.05263157894736842,0,1,1,0,1,0,0,0,0,1,0,0,0,1,0,0,0,0,0,1
43,0,12,3,1,2,2,14336,1,0,11,3,1,3,3,10,0.11538461538461539,551.3846153846154,0.9615384615384616,0,1,1,0,1,0,0,0,0,1,0,0,0,0,1,0,0,0,0,0
40,0,2,3,2,2,3,3448,6,0,22,2,1,3,3,0,0.0,164.1904761904762,0.047619047619047616,0,1,1,0,0,0,1,0,0,0,0,1,0,0,0,0,0,0,1,0
54,0,5,2,1,3,1,19406,4,0,11,3,1,4,2,2,0.2,776.24,0.16,0,1,1,0,0,0,1,0,0,1,0,0,0,0,1,0,0,0,1,0
34,0,4,4,3,3,3,6538,9,0,15,1,1,3,3,2,0.25,934.0,0.42857142857142855,0,0,0,1,0,1,0,0,0,0,0,0,0,0,0,0,1,0,1,0
31,0,7,2,2,3,1,4306,1,0,12,2,1,5,1,10,0.21428571428571427,307.57142857142856,0.9285714285714286,0,1,1,0,0,0,1,0,0,0,0,0,0,1,0,0,0,0,1,0
43,0,21,3,4,3,4,2258,7,0,20,1,1,1,3,2,0.25,250.88888888888889,0.3333333333333333,1,0,1,0,0,0,1,0,0,1,0,1,0,0,0,0,0,0,1,0
43,0,8,4,3,3,3,4522,4,1,14,4,0,3,3,2,0.0,502.44444444444446,0.5555555555555556,0,1,1,0,0,0,0,1,0,0,0,0,0,0,0,0,0,0,0,0
25,0,4,2,2,2,4,4487,1,1,11,2,0,3,3,4,0.16666666666666666,747.8333333333334,0.8333333333333334,0,1,0,1,1,0,0,0,0,0,0,0,0,0,0,0,1,0,0,1
37,0,25,5,2,3,3,4449,3,1,15,1,2,2,3,11,0.7142857142857143,278.0625,0.8125,0,0,1,0,0,0,1,0,0,0,0,0,0,0,0,1,0,0,1,0
31,0,1,2,4,2,1,2218,1,0,12,3,1,3,3,2,0.6,443.6,0.8,0,1,1,0,1,0,0,0,0,1,0,1,0,0,0,0,0,0,1,0
39,0,1,1,2,3,3,19197,1,1,14,3,1,3,3,8,0.045454545454545456,872.5909090909091,0.9545454545454546,1,0,1,0,1,0,0,0,0,1,0,0,1,0,0,0,0,0,0,0
56,0,6,3,3,4,1,13212,9,0,11,4,3,0,2,7,0.875,357.0810810810811,0.1891891891891892,1,0,0,1,1,0,0,0,0,0,0,0,0,0,0,0,1,0,1,0
30,0,12,3,2,3,3,6577,0,0,11,2,0,6,3,4,0.6666666666666666,939.5714285714286,0.7142857142857143,0,1,0,1,0,0,0,0,1,0,0,0,0,0,0,0,1,0,0,1
41,0,1,3,2,4,1,8392,1,0,16,3,1,2,3,7,0.0,762.9090909090909,0.9090909090909091,0,1,0,1,0,1,0,0,0,1,0,0,0,0,0,0,1,0,1,0
28,0,17,2,3,3,1,4558,1,0,12,4,1,2,3,0,0.09090909090909091,414.3636363636364,0.9090909090909091,0,1,1,0,0,0,1,0,0,1,0,1,0,0,0,0,0,0,0,0
25,1,3,3,1,3,1,4031,5,0,13,3,1,5,3,2,0.0,575.8571428571429,0.2857142857142857,0,1,1,0,0,0,1,0,0,1,0,1,0,0,0,0,0,0,1,0
52,0,3,3,4,2,3,7969,2,1,14,3,0,4,3,4,0.0,274.7931034482759,0.1724137931034483,0,1,1,0,0,0,1,0,0,1,0,0,0,1,0,0,0,0,1,0
45,0,10,2,1,3,4,2654,3,0,21,4,2,3,2,2,0.0,294.8888888888889,0.2222222222222222,0,1,1,0,1,0,0,0,0,1,0,0,0,0,0,1,0,0,1,0
52,0,4,2,4,3,4,16555,2,0,13,4,0,2,1,2,0.16666666666666666,517.34375,0.15625,0,1,1,0,1,0,0,0,0,0,0,0,1,0,0,0,0,0,1,0
42,0,29,2,1,3,3,4556,2,0,11,2,1,3,3,4,0.0,227.8,0.25,1,0,1,0,1,0,0,0,0,0,0,0,0,0,0,1,0,0,0,0
30,0,2,3,3,1,4,6091,2,0,20,3,0,2,3,4,0.0,507.5833333333333,0.4166666666666667,0,1,1,0,1,0,0,0,0,0,0,0,0,1,0,0,0,0,0,1
60,0,7,3,1,3,1,19566,5,0,11,4,0,5,1,8,0.36666666666666664,575.4705882352941,0.8529411764705882,0,1,1,0,1,0,0,0,0,0,0,0,1,0,0,0,0,0,1,0
46,0,18,3,3,3,3,4810,2,0,14,3,1,5,2,7,0.0,240.5,0.5,0,1,1,0,0,0,1,0,0,0,0,0,0,1,0,0,0,0,0,0
42,0,28,4,4,2,4,4523,0,0,11,4,3,4,4,5,0.0,565.375,0.75,1,0,1,0,0,0,0,0,1,0,0,0,0,0,0,0,0,0,1,0
24,1,1,1,1,3,2,3202,1,1,16,2,0,4,3,3,0.16666666666666666,457.42857142857144,0.7142857142857143,0,1,0,1,0,0,0,0,1,0,0,0,0,0,0,0,0,1,0,1
34,1,6,2,4,1,3,2351,0,0,16,4,1,3,2,2,0.3333333333333333,587.75,0.5,1,0,0,1,0,1,0,0,0,0,0,0,0,0,0,0,0,1,0,0
38,0,2,2,4,3,4,1702,1,1,23,3,1,3,3,0,0.0,851.0,0.5,1,0,1,0,1,0,0,0,0,1,0,1,0,0,0,0,0,0,1,0
40,0,2,4,3,3,3,18041,0,0,14,4,0,2,3,15,0.047619047619047616,820.0454545454545,0.9090909090909091,0,1,0,1,1,0,0,0,0,0,0,0,1,0,0,0,0,0,1,0
26,0,23,3,1,3,4,2886,1,0,22,2,2,3,1,2,0.0,721.5,0.75,0,1,1,0,1,0,0,0,0,0,0,0,0,0,0,1,0,0,0,0
30,0,3,3,3,3,4,2097,4,0,15,3,1,3,1,3,0.16666666666666666,209.7,0.5,0,0,1,0,1,0,0,0,0,1,0,1,0,0,0,0,0,0,1,0
29,0,3,4,2,2,3,11935,1,0,18,3,0,2,3,2,0.0,1085.0,0.9090909090909091,0,1,1,0,0,0,1,0,0,1,0,0,0,0,1,0,0,0,1,0
29,1,25,5,3,2,2,2546,5,0,16,2,0,2,4,2,0.3333333333333333,363.7142857142857,0.2857142857142857,0,1,1,0,0,0,0,0,1,0,0,0,0,0,0,1,0,0,1,0
19,1,2,2,1,2,4,2564,1,0,12,3,0,3,4,0,0.0,1282.0,0.5,0,1,0,0,0,0,0,0,1,1,1,0,0,0,0,0,0,0,0,1
30,0,22,4,3,3,1,8412,0,0,11,3,0,3,3,8,0.7,764.7272727272727,0.8181818181818182,0,0,0,1,0,0,0,1,0,0,0,0,0,0,0,0,1,0,1,0
57,0,29,3,1,2,4,14118,3,0,12,3,1,3,2,0,0.0,427.8181818181818,0.030303030303030304,0,1,0,1,0,1,0,0,0,1,0,0,1,0,0,0,0,0,0,0
50,0,29,4,2,2,3,17046,0,0,15,2,1,2,3,10,0.5357142857142857,587.7931034482758,0.9310344827586207,0,1,1,0,1,0,0,0,0,1,0,0,1,0,0,0,0,0,1,0
30,0,2,3,3,3,4,2564,0,0,14,3,0,2,2,7,0.5,197.23076923076923,0.8461538461538461,0,0,1,0,0,0,1,0,0,0,0,1,0,0,0,0,0,0,0,1
60,0,28,3,3,2,1,10266,4,0,19,4,0,5,4,13,0.6842105263157895,446.3478260869565,0.782608695652174,1,0,0,1,0,1,0,0,0,0,0,0,0,0,0,0,1,0,1,0
47,0,2,2,1,3,4,5070,5,0,13,3,3,2,3,0,0.0,241.42857142857142,0.23809523809523808,0,1,1,0,0,0,1,0,0,0,0,0,0,1,0,0,0,0,0,0
46,0,2,3,1,3,3,17861,6,0,13,3,0,2,1,2,0.0,661.5185185185185,0.1111111111111111,0,1,1,0,1,0,0,0,0,1,0,0,0,0,1,0,0,0,1,0
35,0,22,3,4,1,3,4230,0,0,15,3,0,2,3,4,0.6666666666666666,604.2857142857143,0.7142857142857143,0,1,1,0,1,0,0,0,0,1,0,1,0,0,0,0,0,0,0,1
54,0,8,4,3,3,3,3780,7,0,11,3,0,3,3,0,0.0,189.0,0.05,0,1,1,0,1,0,0,0,0,0,0,1,0,0,0,0,0,0,0,1
34,0,2,4,4,2,3,2768,3,0,12,3,1,3,3,3,0.625,184.53333333333333,0.4666666666666667,0,1,1,0,1,0,0,0,0,1,0,0,0,0,0,1,0,0,0,0
46,0,10,3,3,2,4,9071,2,1,19,3,1,3,3,2,0.25,566.9375,0.1875,0,1,0,1,0,1,0,0,0,0,0,0,0,0,0,0,1,0,1,0
31,0,9,1,3,3,2,10648,1,0,25,4,1,6,4,8,0.0,760.5714285714286,0.9285714285714286,0,1,1,0,1,0,0,0,0,1,0,0,0,1,0,0,0,0,0,0
33,1,15,1,2,3,3,13610,7,1,12,4,0,2,4,6,0.875,850.625,0.4375,0,1,1,0,0,0,1,0,0,1,0,0,1,0,0,0,0,0,1,0
33,1,10,1,1,1,4,3408,7,0,13,1,3,2,3,3,0.2,378.6666666666667,0.4444444444444444,0,1,1,0,0,0,1,0,0,1,0,1,0,0,0,0,0,0,0,0
30,0,7,1,4,3,2,2983,0,0,14,1,0,3,3,2,0.25,596.6,0.6,0,1,0,1,0,1,0,0,0,1,0,0,0,0,0,0,0,1,0,1
35,0,16,3,4,3,3,7632,4,1,12,3,0,2,3,7,0.0,693.8181818181819,0.7272727272727273,0,1,1,0,1,0,0,0,0,1,0,0,0,0,0,0,0,0,1,0
31,1,20,3,1,3,3,9824,3,0,12,1,0,2,3,0,0.0,755.6923076923077,0.07692307692307693,1,0,1,0,1,0,0,0,0,1,0,0,0,0,0,0,0,0,1,0
34,1,23,3,2,3,1,9950,9,1,15,3,3,2,3,2,0.0,829.1666666666666,0.25,1,0,0,0,0,0,0,0,0,0,1,0,0,0,0,0,0,0,0,0
42,0,5,2,2,3,3,2093,4,0,17,4,1,4,3,2,0.6666666666666666,232.55555555555554,0.2222222222222222,1,0,1,0,0,0,0,1,0,1,0,1,0,0,0,0,0,0,1,0
36,0,10,4,2,3,4,9980,1,0,14,4,0,3,2,3,0.8181818181818182,907.2727272727273,0.9090909090909091,0,0,0,1,0,0,1,0,0,1,0,0,0,0,0,0,1,0,0,1
22,1,4,1,3,2,3,3894,5,0,16,3,0,3,3,2,0.3333333333333333,778.8,0.4,1,0,1,0,0,0,0,0,1,1,0,1,0,0,0,0,0,0,0,1
48,0,2,5,2,3,4,4051,2,0,14,1,1,2,3,7,0.6,270.06666666666666,0.6,0,1,0,1,0,1,0,0,0,0,0,0,0,0,0,0,1,0,1,0
55,0,18,5,1,3,2,16835,3,0,23,4,0,2,3,9,0.6363636363636364,443.0263157894737,0.2631578947368421,0,1,0,1,1,0,0,0,0,0,0,0,1,0,0,0,0,0,0,1
41,0,10,2,4,3,4,6230,7,0,14,4,0,3,3,3,0.06666666666666667,366.47058823529414,0.8235294117647058,0,0,0,1,1,0,0,0,0,1,0,0,0,0,0,0,1,0,0,1
35,0,1,3,2,3,3,4717,9,0,11,3,0,2,3,9,0.5,294.8125,0.6875,0,1,0,1,0,1,0,0,0,1,0,0,0,0,0,0,1,0,1,0
40,0,6,3,2,3,3,13237,7,0,15,3,0,3,3,6,0.23809523809523808,575.5217391304348,0.8695652173913043,0,1,1,0,1,0,0,0,0,0,0,0,0,1,0,0,0,0,0,1
39,0,8,1,3,3,3,3755,1,0,11,1,1,3,3,3,0.0,417.22222222222223,0.8888888888888888,1,0,1,0,1,0,0,0,0,0,0,1,0,0,0,0,0,0,1,0
31,0,2,1,2,3,4,6582,4,1,13,3,0,2,4,5,0.0,598.3636363636364,0.5454545454545454,0,1,0,1,1,0,0,0,0,1,0,0,0,0,0,0,1,0,0,1
42,0,24,3,4,3,1,7406,1,1,21,4,1,5,2,9,0.45454545454545453,673.2727272727273,0.9090909090909091,0,1,1,0,0,0,1,0,0,1,0,0,0,1,0,0,0,0,1,0
45,0,2,3,4,3,2,4805,0,0,19,2,1,3,4,7,0.3333333333333333,480.5,0.8,0,1,0,1,0,0,0,1,0,1,0,0,0,0,0,0,1,0,1,0
26,1,17,4,2,3,3,2741,0,1,11,2,1,2,2,7,0.125,304.55555555555554,0.7777777777777778,1,0,0,0,1,0,0,0,0,0,1,0,0,0,0,0,0,0,0,0
29,0,19,3,4,3,4,4262,4,0,12,2,2,2,4,2,0.25,473.55555555555554,0.3333333333333333,0,1,1,0,0,0,0,0,1,1,0,0,0,1,0,0,0,0,0,0
33,0,1,5,1,4,3,16184,4,0,19,3,1,2,3,1,0.0,1471.2727272727273,0.5454545454545454,0,1,1,0,0,0,1,0,0,0,0,0,0,0,1,0,0,0,0,0
31,0,7,3,3,2,4,11557,9,0,21,3,1,3,2,4,0.0,1050.6363636363637,0.45454545454545453,0,1,0,1,1,0,0,0,0,1,0,0,1,0,0,0,0,0,0,0
18,1,5,3,2,3,2,1878,1,1,14,4,0,3,3,0,0.0,1878.0,0.0,1,0,0,1,0,1,0,0,0,1,0,0,0,0,0,0,0,1,0,1
40,0,28,3,3,1,1,10932,3,0,15,3,1,2,3,0,0.0,520.5714285714286,0.047619047619047616,0,0,0,1,0,0,0,1,0,1,0,0,0,0,0,0,1,0,0,0
41,0,2,4,1,2,3,6811,2,1,17,1,0,3,3,7,0.0,619.1818181818181,0.7272727272727273,0,0,1,0,0,0,0,1,0,0,0,0,0,0,0,0,0,0,0,1
26,0,29,2,1,3,3,4306,5,0,12,1,2,5,3,0,0.0,478.44444444444446,0.0,0,1,0,1,0,0,1,0,0,1,0,0,0,0,0,0,1,0,0,0
35,0,1,3,1,3,3,4859,1,0,16,4,0,3,3,4,0.0,809.8333333333334,0.8333333333333334,0,1,0,1,0,0,1,0,0,0,0,0,0,0,0,0,1,0,0,1
34,0,21,4,4,4,4,5337,1,0,12,4,0,3,3,7,0.45454545454545453,485.1818181818182,0.9090909090909091,0,1,0,1,1,0,0,0,0,1,0,0,0,0,0,0,1,0,0,1
26,1,24,3,3,1,4,2340,1,1,18,2,0,3,1,0,0.0,1170.0,0.5,0,1,1,0,0,0,0,0,1,1,0,1,0,0,0,0,0,0,0,1
37,0,1,3,2,3,4,7491,4,0,17,4,0,3,4,5,0.14285714285714285,576.2307692307693,0.46153846153846156,0,1,1,0,0,0,0,0,1,0,0,0,0,1,0,0,0,0,0,1
46,0,18,1,1,3,3,10527,5,0,11,4,0,3,2,2,0.3333333333333333,363.0,0.06896551724137931,1,0,1,0,0,0,1,0,0,0,0,0,0,0,0,0,0,0,1,0
41,0,2,5,2,3,1,16595,7,0,16,2,1,2,3,16,0.5789473684210527,721.5217391304348,0.782608695652174,0,1,0,1,1,0,0,0,0,0,0,0,1,0,0,0,0,0,1,0
37,0,9,4,1,3,2,8834,1,0,13,4,1,6,3,5,0.7,883.4,0.9,0,0,0,1,0,0,1,0,0,1,0,0,0,0,0,0,1,0,0,0
52,0,6,2,4,3,1,5577,3,1,12,2,2,3,3,9,0.5454545454545454,293.5263157894737,0.5263157894736842,0,1,1,0,0,0,0,0,1,1,0,0,0,0,0,1,0,0,0,0
32,1,11,4,4,4,3,4707,8,0,12,4,0,2,3,2,0.2,672.4285714285714,0.5714285714285714,0,0,0,1,0,0,0,1,0,1,0,0,0,0,0,0,1,0,1,0
24,0,24,3,4,3,4,2400,0,0,13,3,2,3,3,2,0.6666666666666666,600.0,0.5,1,0,0,1,0,0,1,0,0,1,0,0,0,0,0,0,0,1,1,0
38,0,10,3,3,3,3,9824,3,0,19,3,1,4,3,0,0.0,517.0526315789474,0.05263157894736842,0,1,1,0,0,0,1,0,0,0,0,0,0,0,0,0,0,0,1,0
37,0,1,4,2,3,2,6447,6,0,12,2,1,2,2,5,0.5714285714285714,716.3333333333334,0.6666666666666666,0,1,1,0,1,0,0,0,0,0,0,0,0,1,0,0,0,0,1,0
49,0,18,4,4,2,3,19502,1,1,17,3,1,5,3,9,0.0,609.4375,0.96875,0,1,1,0,1,0,0,0,0,1,0,0,0,0,1,0,0,0,0,0
24,0,23,3,2,4,4,2725,1,1,11,2,2,3,3,5,0.14285714285714285,389.2857142857143,0.8571428571428571,0,1,1,0,0,0,1,0,0,1,0,0,0,0,0,1,0,0,1,0
26,0,28,2,1,3,2,6272,1,0,20,4,2,5,4,3,0.16666666666666666,896.0,0.7142857142857143,0,1,0,1,0,1,0,0,0,1,0,0,0,0,0,0,1,0,1,0
24,0,17,2,4,2,2,2127,1,0,21,4,1,2,3,0,0.0,1063.5,0.5,0,1,1,0,0,0,0,1,0,1,0,1,0,0,0,0,0,0,1,0
50,0,3,3,1,3,2,18200,1,0,11,3,1,2,3,5,0.30303030303030304,551.5151515151515,0.9696969696969697,1,0,0,0,0,0,1,0,0,1,0,0,1,0,0,0,0,0,1,0
25,0,13,1,2,3,3,2096,1,0,11,3,0,1,3,4,0.0,262.0,0.875,0,1,0,1,0,0,1,0,0,1,0,0,0,0,0,0,0,1,1,0
24,1,7,3,1,3,3,2886,1,1,16,4,1,4,3,3,0.14285714285714285,412.2857142857143,0.8571428571428571,1,0,1,0,1,0,0,0,0,0,0,1,0,0,0,0,0,0,1,0
30,1,12,4,2,2,1,2033,1,0,18,3,1,2,4,0,0.0,1016.5,0.5,1,0,0,1,1,0,0,0,0,1,0,0,0,0,0,0,0,1,1,0
34,0,1,2,2,2,4,3622,1,1,13,4,1,3,3,5,0.14285714285714285,517.4285714285714,0.8571428571428571,0,1,1,0,1,0,0,0,0,1,0,0,0,0,0,1,0,0,1,0
31,1,13,4,2,3,1,4233,2,0,17,3,0,2,1,1,0.25,423.3,0.3,0,1,0,1,0,0,1,0,0,1,0,0,0,0,0,0,1,0,0,0
35,0,25,2,1,2,4,3681,4,0,14,4,0,3,3,2,0.0,368.1,0.3,0,1,1,0,0,0,0,1,0,1,0,1,0,0,0,0,0,0,0,1
31,0,6,4,1,4,4,5460,4,0,22,4,2,4,4,7,0.625,390.0,0.5,0,1,0,1,0,0,1,0,0,1,0,0,0,0,0,0,1,0,0,0
27,0,6,4,1,2,3,2187,0,0,12,3,2,5,2,3,0.0,312.42857142857144,0.7142857142857143,0,1,1,0,0,0,1,0,0,0,0,0,0,0,0,1,0,0,0,0
37,0,2,3,4,3,3,9602,4,1,11,3,1,3,2,0,0.25,533.4444444444445,0.16666666666666666,0,1,0,1,0,1,0,0,0,1,0,0,0,0,0,0,1,0,1,0
20,0,1,3,4,2,2,2836,1,0,13,4,0,0,4,0,0.0,1418.0,0.5,0,1,1,0,1,0,0,0,0,0,0,0,0,0,0,1,0,0,0,1
42,0,2,4,3,3,4,4089,1,0,13,2,2,4,3,2,0.18181818181818182,371.72727272727275,0.9090909090909091,0,1,1,0,1,0,0,0,0,0,0,0,0,0,0,0,0,0,1,0
43,0,6,4,2,2,4,16627,4,1,14,3,1,3,2,0,0.0,755.7727272727273,0.045454545454545456,0,1,1,0,0,0,0,1,0,1,0,0,0,0,1,0,0,0,0,0
38,0,1,1,3,3,1,2619,3,0,17,4,0,3,2,0,0.0,291.0,0.0,0,1,1,0,1,0,0,0,0,0,0,0,0,0,0,1,0,0,0,1
43,0,9,5,4,3,3,5679,3,1,13,2,1,3,3,7,0.4444444444444444,516.2727272727273,0.7272727272727273,1,0,1,0,0,0,1,0,0,1,0,1,0,0,0,0,0,0,0,0
48,0,1,4,4,2,1,15402,7,0,11,1,1,3,1,2,0.0,700.0909090909091,0.13636363636363635,0,1,1,0,1,0,0,0,0,0,0,0,1,0,0,0,0,0,1,0
44,0,1,4,1,2,3,5985,4,0,11,2,0,1,4,2,0.0,544.0909090909091,0.18181818181818182,0,1,0,0,1,0,0,0,0,0,1,0,0,0,0,0,0,0,0,1
34,0,14,3,3,3,3,2579,1,1,18,4,2,3,3,2,0.0,286.55555555555554,0.8888888888888888,0,1,0,1,0,0,0,0,1,0,0,0,0,0,0,0,0,1,0,0
27,1,2,1,3,3,1,3041,0,0,11,2,1,3,3,3,0.0,506.8333333333333,0.6666666666666666,0,1,0,1,0,1,0,0,0,1,0,0,0,0,0,0,0,1,0,0
21,0,22,1,3,3,3,3447,1,0,11,3,0,2,3,2,0.25,861.75,0.75,0,1,0,1,0,0,0,0,1,1,0,0,0,0,0,0,0,1,0,1
44,0,3,4,4,3,4,19513,4,1,12,1,1,2,4,2,0.0,722.7037037037037,0.07407407407407407,0,1,1,0,0,0,0,1,0,1,0,0,1,0,0,0,0,0,1,0
22,0,6,1,1,3,3,2773,0,0,20,4,0,3,3,2,0.6666666666666666,693.25,0.5,0,1,1,0,0,0,1,0,0,1,0,0,0,0,0,1,0,0,1,0
33,0,8,4,3,3,3,7104,0,0,12,4,0,3,3,0,0.16666666666666666,1014.8571428571429,0.7142857142857143,0,1,0,1,0,1,0,0,0,1,0,0,0,0,0,0,1,0,0,0
32,0,9,4,1,3,4,6322,1,1,12,4,1,2,2,4,0.0,903.1428571428571,0.8571428571428571,0,1,1,0,1,0,0,0,0,0,0,0,0,0,0,1,0,0,1,0
30,0,3,3,3,3,3,2083,1,0,20,3,1,2,3,0,0.0,1041.5,0.5,1,0,1,0,0,0,1,0,0,0,0,0,0,0,0,1,0,0,0,0
53,0,1,1,4,3,1,8381,7,0,20,4,0,2,4,7,0.5333333333333333,441.10526315789474,0.7368421052631579,0,1,0,1,0,0,1,0,0,0,0,0,0,0,0,0,1,0,0,1
34,0,1,5,2,3,4,2691,1,0,12,4,1,4,2,9,0.7272727272727273,244.63636363636363,0.9090909090909091,0,1,1,0,1,0,0,0,0,1,0,0,0,0,0,1,0,0,1,0
45,1,26,4,1,3,1,4286,2,0,14,4,2,4,3,1,0.0,714.3333333333334,0.16666666666666666,1,0,0,1,1,0,0,0,0,0,0,0,0,0,0,0,1,0,1,0
26,0,6,3,3,3,4,2659,1,1,13,3,1,2,3,2,0.0,664.75,0.75,0,1,1,0,1,0,0,0,0,0,0,1,0,0,0,0,0,0,1,0
37,0,3,3,3,3,3,9434,1,0,15,3,1,2,3,7,0.6363636363636364,857.6363636363636,0.9090909090909091,0,1,1,0,0,0,0,1,0,1,0,0,0,1,0,0,0,0,1,0
29,0,3,2,2,3,3,5561,1,0,14,1,1,5,2,0,0.14285714285714285,794.4285714285714,0.8571428571428571,0,1,0,1,0,0,1,0,0,0,0,0,0,0,0,0,1,0,1,0
35,0,6,4,2,1,4,6646,1,0,13,2,0,3,3,11,0.6111111111111112,369.22222222222223,0.9444444444444444,0,1,1,0,1,0,0,0,0,1,0,0,0,0,0,1,0,0,0,1
33,0,6,3,3,3,4,7725,3,0,23,3,1,2,1,11,0.2857142857142857,482.8125,0.8125,1,0,1,0,1,0,0,0,0,1,0,0,0,0,0,0,0,0,0,0
54,0,19,4,3,3,2,10725,2,0,15,3,1,1,4,7,0.7,630.8823529411765,0.5294117647058824,0,1,0,0,0,0,1,0,0,1,1,0,0,0,0,0,0,0,1,0
36,0,9,2,2,2,2,8847,2,1,11,3,1,2,3,2,0.0,631.9285714285714,0.21428571428571427,0,1,1,0,0,0,1,0,0,1,0,0,0,1,0,0,0,0,0,0
27,0,3,4,1,2,4,2045,0,0,13,4,0,0,3,2,0.2,340.8333333333333,0.6666666666666666,0,1,1,0,0,0,1,0,0,1,0,0,0,0,0,1,0,0,0,1
20,1,10,1,4,3,3,1009,1,1,11,4,0,5,3,0,0.5,504.5,0.5,0,1,1,0,0,0,1,0,0,1,0,0,0,0,0,1,0,0,0,1
33,1,3,3,1,3,1,3348,1,1,11,1,0,3,3,8,0.8181818181818182,304.3636363636364,0.9090909090909091,1,0,1,0,1,0,0,0,0,1,0,0,0,0,0,1,0,0,0,1
35,0,3,3,3,2,3,1281,1,0,18,3,2,3,3,0,0.0,640.5,0.5,0,0,1,0,1,0,0,0,0,1,0,1,0,0,0,0,0,0,1,0
23,0,4,3,1,4,1,2819,2,0,16,1,1,3,4,2,0.0,469.8333333333333,0.5,0,1,1,0,0,0,1,0,0,1,0,0,0,0,0,1,0,0,1,0
25,0,8,3,4,4,2,4851,0,0,22,3,1,4,3,2,0.25,970.2,0.6,0,1,0,1,1,0,0,0,0,1,0,0,0,0,0,0,1,0,1,0
38,0,7,4,4,2,4,4028,0,0,20,1,0,2,3,7,0.0,447.55555555555554,0.7777777777777778,0,1,0,1,0,1,0,0,0,0,0,0,0,0,0,0,1,0,0,1
29,0,1,4,2,1,4,2720,1,0,18,4,1,5,3,7,0.18181818181818182,247.27272727272728,0.9090909090909091,1,0,1,0,1,0,0,0,0,1,0,0,0,0,0,1,0,0,0,0
48,0,2,1,2,4,2,8120,3,0,12,4,0,3,3,2,0.6666666666666666,624.6153846153846,0.15384615384615385,0,1,0,1,0,1,0,0,0,1,0,0,0,0,0,0,1,0,1,0
27,0,3,1,4,4,4,4647,1,1,20,2,2,3,3,5,0.0,663.8571428571429,0.8571428571428571,1,0,0,1,0,0,1,0,0,0,0,0,0,0,0,0,1,0,0,0
37,0,10,2,4,4,4,4680,3,0,17,1,0,2,3,0,0.0,936.0,0.2,0,1,1,0,1,0,0,0,0,1,0,0,0,0,0,1,0,0,0,1
50,0,28,1,4,4,3,3221,1,1,11,3,3,3,3,8,0.14285714285714285,153.38095238095238,0.9523809523809523,0,1,1,0,0,0,1,0,0,1,0,1,0,0,0,0,0,0,1,0
34,0,9,3,4,2,2,8621,1,0,14,2,0,3,4,7,0.7777777777777778,862.1,0.8,0,1,1,0,0,0,1,0,0,0,0,0,0,0,0,0,0,0,0,1
24,1,3,2,1,3,3,4577,9,0,14,1,0,3,3,2,0.6666666666666666,915.4,0.4,0,1,0,1,1,0,0,0,0,0,0,0,0,0,0,0,1,0,0,1
39,0,2,4,4,2,3,4553,1,0,11,1,0,4,3,7,0.5238095238095238,216.8095238095238,0.9523809523809523,0,1,1,0,0,0,0,0,1,0,0,0,0,0,0,0,0,0,0,1
32,0,10,3,4,3,4,5396,1,0,12,4,0,2,2,7,0.0,490.54545454545456,0.9090909090909091,0,1,0,1,0,1,0,0,0,1,0,0,0,0,0,0,1,0,0,1
50,1,8,2,2,3,3,6796,3,1,14,1,1,4,3,3,0.2,357.6842105263158,0.21052631578947367,1,0,0,1,0,0,0,0,1,1,0,0,0,0,0,0,1,0,1,0
38,0,1,4,2,4,4,7625,0,0,13,3,0,4,2,7,0.1,693.1818181818181,0.8181818181818182,0,1,1,0,1,0,0,0,0,0,0,0,0,0,0,0,0,0,0,1
27,0,1,2,3,3,1,7412,1,0,11,4,0,3,3,7,0.0,741.2,0.9,0,1,1,0,1,0,0,0,0,0,0,0,0,1,0,0,0,0,1,0
32,0,3,2,3,3,4,11159,3,0,15,4,0,6,3,7,0.875,1014.4545454545455,0.6363636363636364,0,1,1,0,1,0,0,0,0,0,0,0,0,0,1,0,0,0,0,1
47,0,14,4,4,3,1,4960,2,0,12,4,0,2,3,7,0.125,236.1904761904762,0.3333333333333333,0,1,0,1,0,1,0,0,0,1,0,0,0,0,0,0,1,0,0,1
40,0,5,4,4,2,1,10475,5,1,21,3,1,2,3,13,0.05263157894736842,498.8095238095238,0.8571428571428571,1,0,0,1,1,0,0,0,0,1,0,0,0,0,0,0,1,0,1,0
53,0,7,3,3,4,3,14814,3,0,19,3,0,3,3,1,0.16666666666666666,448.90909090909093,0.15151515151515152,0,1,1,0,1,0,0,0,0,1,0,0,0,0,1,0,0,0,1,0
41,0,10,4,2,2,4,19141,3,0,15,2,3,2,2,6,0.5454545454545454,797.5416666666666,0.875,0,1,0,0,0,0,0,0,0,1,0,0,1,0,0,0,0,0,0,0
60,0,16,4,1,3,1,5405,8,0,14,4,0,1,3,2,0.6666666666666666,491.3636363636364,0.18181818181818182,0,1,0,1,0,1,0,0,0,1,0,0,0,0,0,0,1,0,0,1
27,0,10,2,4,3,1,8793,1,0,21,3,2,4,2,7,0.1,879.3,0.9,1,0,1,0,1,0,0,0,0,1,0,0,0,1,0,0,0,0,0,0
41,0,1,3,4,2,3,19189,1,0,12,2,1,3,3,7,0.08695652173913043,834.304347826087,0.9565217391304348,0,1,0,0,0,0,0,0,0,1,0,0,1,0,0,0,0,0,1,0
50,0,8,4,4,3,2,3875,7,0,15,4,1,2,3,2,0.6666666666666666,775.0,0.4,0,1,0,1,0,1,0,0,0,1,0,0,0,0,0,0,0,1,1,0
28,1,1,2,1,1,2,2216,7,1,13,4,0,4,3,7,0.375,201.45454545454547,0.6363636363636364,0,1,1,0,1,0,0,0,0,0,0,0,0,0,0,1,0,0,0,1
36,0,8,3,1,4,1,11713,9,0,14,1,1,2,3,7,0.0,1064.8181818181818,0.7272727272727273,0,0,1,0,1,0,0,0,0,0,0,0,0,0,1,0,0,0,1,0
38,0,1,3,3,3,3,7861,4,1,14,4,0,4,4,0,0.0,714.6363636363636,0.09090909090909091,0,1,1,0,1,0,0,0,0,0,0,0,0,1,0,0,0,0,0,1
44,0,24,3,1,1,3,3708,2,0,14,3,0,5,3,2,0.16666666666666666,370.8,0.5,0,0,1,0,0,0,1,0,0,1,0,1,0,0,0,0,0,0,0,1
47,0,3,3,4,3,3,13770,9,1,12,4,2,2,2,2,0.4782608695652174,474.82758620689657,0.7586206896551724,1,0,0,1,0,0,1,0,0,0,0,0,0,0,0,0,1,0,0,0
30,0,27,5,3,3,4,5304,7,0,23,4,1,2,2,7,0.7777777777777778,482.1818181818182,0.7272727272727273,0,1,0,1,0,1,0,0,0,1,0,0,0,0,0,0,1,0,0,0
29,0,10,3,3,3,3,2642,1,0,11,3,0,6,3,0,0.0,1321.0,0.5,0,1,0,1,1,0,0,0,0,1,0,0,0,0,0,0,0,1,0,1
42,1,19,3,3,4,3,2759,6,1,12,4,0,2,3,2,0.6666666666666666,344.875,0.25,1,0,1,0,0,0,1,0,0,1,0,0,0,0,0,1,0,0,0,0
43,0,15,3,4,2,4,6804,3,0,18,3,1,5,3,2,0.6666666666666666,850.5,0.25,1,0,0,1,1,0,0,0,0,1,0,0,0,0,0,0,1,0,1,0
34,0,8,2,2,3,3,6142,3,0,11,4,0,2,3,1,0.6666666666666666,558.3636363636364,0.45454545454545453,0,1,1,0,0,0,1,0,0,0,0,0,0,0,0,0,0,0,0,1
23,0,9,1,2,3,1,2500,1,0,14,4,1,2,4,3,0.0,416.6666666666667,0.6666666666666666,0,1,1,0,0,0,1,0,0,1,0,1,0,0,0,0,0,0,1,0
39,0,3,3,3,4,2,6389,9,0,15,3,1,3,1,3,0.3333333333333333,491.46153846153845,0.6153846153846154,0,1,0,0,0,0,0,0,0,0,1,0,0,0,0,0,0,0,1,0
56,0,9,3,3,3,4,11103,7,0,11,3,0,1,2,7,0.09090909090909091,358.16129032258067,0.3225806451612903,0,1,1,0,0,0,1,0,0,1,0,0,0,0,0,0,0,0,1,0
40,0,2,1,4,2,4,2342,0,1,20,4,0,2,2,2,0.4,390.3333333333333,0.6666666666666666,0,1,1,0,0,0,1,0,0,0,0,0,0,0,0,1,0,0,0,1
27,0,7,3,4,2,1,6811,8,0,19,1,0,2,1,6,0.0,681.1,0.7,0,1,1,0,0,0,1,0,0,0,0,0,0,0,0,0,0,0,0,1
29,0,10,3,4,3,2,2297,1,0,14,4,2,2,3,2,0.6666666666666666,765.6666666666666,0.6666666666666666,0,1,0,1,0,1,0,0,0,1,0,0,0,0,0,0,0,1,0,0
53,0,6,3,4,3,4,2450,2,0,17,4,0,4,3,2,0.6666666666666666,122.5,0.1,0,1,1,0,1,0,0,0,0,1,0,1,0,0,0,0,0,0,0,1
35,0,2,4,4,3,1,5093,2,0,11,1,1,2,4,0,0.0,299.5882352941176,0.058823529411764705,0,0,1,0,1,0,0,0,0,0,0,0,0,0,0,0,0,0,0,0
32,0,24,4,1,3,4,5309,1,0,15,4,2,2,3,8,0.36363636363636365,482.6363636363636,0.9090909090909091,1,0,1,0,1,0,0,0,0,1,0,1,0,0,0,0,0,0,1,0
38,0,2,5,4,3,3,3057,6,1,13,2,1,0,1,0,0.0,436.7142857142857,0.14285714285714285,0,1,1,0,0,0,1,0,0,1,0,0,0,0,0,1,0,0,1,0
34,0,8,5,2,3,1,5121,3,0,14,3,1,3,3,0,0.0,640.125,0.0,0,1,1,0,1,0,0,0,0,0,0,0,0,1,0,0,0,0,0,0
52,0,3,4,3,2,1,16856,1,0,11,1,0,3,4,6,0.02857142857142857,481.6,0.9714285714285714,0,1,0,1,0,1,0,0,0,1,0,0,1,0,0,0,0,0,1,0
33,1,1,4,4,3,4,2686,1,1,13,3,0,2,2,9,0.6363636363636364,244.1818181818182,0.9090909090909091,0,1,1,0,0,0,0,1,0,1,0,0,0,0,0,1,0,0,0,1
25,0,26,1,3,3,4,6180,1,0,23,2,0,5,2,5,0.14285714285714285,882.8571428571429,0.8571428571428571,0,1,0,1,0,0,1,0,0,0,0,0,0,0,0,0,1,0,0,1
45,0,2,2,2,1,3,6632,0,0,13,1,0,3,3,7,0.3333333333333333,663.2,0.8,0,1,0,1,0,0,0,0,1,1,0,0,0,0,0,0,0,1,0,1
23,0,10,1,1,4,3,3505,1,0,18,4,0,3,3,2,0.0,1168.3333333333333,0.6666666666666666,0,1,1,0,0,0,1,0,0,1,0,0,0,0,0,1,0,0,0,1
47,1,27,2,2,4,3,6397,4,1,12,4,0,2,3,4,0.16666666666666666,710.7777777777778,0.5555555555555556,1,0,0,1,1,0,0,0,0,0,0,0,0,0,0,0,1,0,0,1
34,0,2,3,4,3,4,6274,1,0,22,3,0,5,3,5,0.14285714285714285,896.2857142857143,0.8571428571428571,0,1,0,1,0,0,0,1,0,1,0,0,0,0,0,0,1,0,0,1
55,1,2,3,4,3,1,19859,5,1,13,4,1,2,3,2,0.16666666666666666,794.36,0.2,0,1,1,0,0,0,1,0,0,1,0,0,1,0,0,0,0,0,1,0
36,0,8,4,1,2,1,7587,1,0,15,2,0,1,3,7,0.0,689.7272727272727,0.9090909090909091,0,0,0,1,1,0,0,0,0,1,0,0,0,0,0,0,1,0,0,1
52,0,19,4,4,3,4,4258,0,0,18,1,1,3,3,3,0.2,709.6666666666666,0.6666666666666666,0,0,1,0,0,0,1,0,0,1,0,0,0,0,0,1,0,0,1,0
26,0,1,2,1,1,4,4364,3,0,14,1,1,2,3,2,0.6666666666666666,727.3333333333334,0.3333333333333333,1,0,1,0,1,0,0,0,0,0,0,1,0,0,0,0,0,0,0,0
29,0,27,3,2,3,3,4335,4,0,12,1,1,3,2,7,0.1111111111111111,361.25,0.6666666666666666,0,1,1,0,0,0,1,0,0,0,0,0,0,0,0,0,0,0,1,0
26,1,8,3,4,2,1,5326,6,0,17,3,0,2,2,3,0.2,760.8571428571429,0.5714285714285714,0,1,0,1,0,0,0,0,1,1,0,0,0,0,0,0,1,0,0,1
34,0,1,4,2,4,4,3280,2,0,16,3,0,2,3,2,0.2,298.1818181818182,0.36363636363636365,0,1,1,0,1,0,0,0,0,0,0,0,0,0,0,1,0,0,0,1
54,0,19,4,4,3,1,5485,9,1,11,2,2,4,3,3,0.16666666666666666,548.5,0.5,0,1,1,0,0,0,1,0,0,0,0,0,0,1,0,0,0,0,0,0
27,0,8,1,3,3,4,4342,0,0,19,2,1,3,3,2,0.2,723.6666666666666,0.6666666666666666,1,0,0,1,0,1,0,0,0,1,0,0,0,0,0,0,1,0,1,0
37,0,10,1,4,3,1,2782,0,1,13,2,2,3,2,3,0.6666666666666666,397.42857142857144,0.7142857142857143,0,1,1,0,1,0,0,0,0,0,0,0,0,0,0,1,0,0,0,0
38,0,2,4,1,4,1,5980,6,1,12,4,0,2,3,7,0.25,332.22222222222223,0.8333333333333334,1,0,1,0,1,0,0,0,0,0,0,0,0,1,0,0,0,0,0,1
34,0,2,4,3,2,1,4381,1,0,11,3,0,3,3,5,0.14285714285714285,625.8571428571429,0.8571428571428571,0,1,1,0,0,0,1,0,0,0,0,0,0,0,0,1,0,0,0,1
35,0,8,4,1,3,4,2572,1,0,16,2,1,1,2,2,0.0,643.0,0.75,0,1,0,1,1,0,0,0,0,0,0,0,0,0,0,0,0,1,1,0
30,0,1,3,4,1,3,3833,3,0,21,3,2,2,3,2,0.0,479.125,0.25,0,1,1,0,1,0,0,0,0,1,0,1,0,0,0,0,0,0,1,0
40,0,2,2,3,4,2,4244,1,0,24,4,1,2,3,7,0.3333333333333333,471.55555555555554,0.8888888888888888,1,0,1,0,0,0,1,0,0,0,0,0,0,0,0,0,0,0,1,0
34,0,8,2,3,3,1,6500,5,0,17,2,1,1,3,2,0.25,928.5714285714286,0.42857142857142855,0,1,0,1,1,0,0,0,0,0,0,0,0,0,0,0,1,0,1,0
42,0,8,3,2,3,4,18430,1,0,13,2,1,4,2,7,0.56,737.2,0.96,1,0,1,0,1,0,0,0,0,1,0,0,1,0,0,0,0,0,0,0
23,1,6,3,3,4,1,1601,1,1,21,3,2,2,3,0,0.0,800.5,0.0,0,1,1,0,1,0,0,0,0,1,0,1,0,0,0,0,0,0,1,0
24,0,9,3,3,2,2,2694,1,0,11,3,3,4,3,0,0.0,1347.0,0.5,0,0,1,0,1,0,0,0,0,1,0,1,0,0,0,0,0,0,0,0
52,0,11,4,4,3,3,3149,8,0,20,2,1,3,3,2,0.16666666666666666,314.9,0.5,0,1,1,0,1,0,0,0,0,0,0,1,0,0,0,0,0,0,1,0
50,0,2,3,3,3,3,17639,5,0,16,4,0,3,3,3,0.0,569.0,0.12903225806451613,0,1,1,0,0,0,1,0,0,1,0,0,0,0,1,0,0,0,1,0
29,1,1,2,2,2,1,2319,1,1,11,4,1,1,3,0,0.0,1159.5,0.5,0,1,1,0,1,0,0,0,0,0,0,1,0,0,0,0,0,0,1,0
33,0,7,3,3,3,3,11691,0,0,11,4,0,3,4,9,0.21428571428571427,779.4,0.8666666666666667,0,1,1,0,0,0,1,0,0,1,0,0,0,0,1,0,0,0,1,0
33,1,16,3,1,3,1,5324,5,0,15,3,0,3,3,2,0.0,760.5714285714286,0.42857142857142855,0,1,0,1,0,1,0,0,0,0,0,0,0,0,0,0,1,0,0,1
47,0,2,2,3,3,4,16752,1,1,11,3,1,3,2,14,0.1111111111111111,620.4444444444445,0.9629629629629629,0,1,1,0,0,0,0,1,0,0,0,0,1,0,0,0,0,0,1,0
36,0,1,3,3,3,2,5228,0,0,15,1,1,2,3,7,0.0,475.27272727272725,0.8181818181818182,0,1,1,0,0,0,0,1,0,0,0,0,0,1,0,0,0,0,1,0
29,0,23,2,3,4,3,2700,1,0,24,3,1,3,3,7,0.0,245.45454545454547,0.9090909090909091,0,1,1,0,1,0,0,0,0,1,0,0,0,0,0,1,0,0,1,0
58,1,2,4,4,3,2,19246,7,1,12,4,0,2,3,15,0.40625,469.4146341463415,0.7560975609756098,0,1,1,0,1,0,0,0,0,1,0,0,0,0,1,0,0,0,0,1
35,0,1,4,4,4,3,2506,3,0,13,3,0,0,3,2,0.6666666666666666,313.25,0.25,0,1,1,0,1,0,0,0,0,0,0,0,0,0,0,1,0,0,0,1
42,0,1,2,4,2,4,6062,9,1,13,4,1,4,3,3,0.0,673.5555555555555,0.4444444444444444,0,1,1,0,1,0,0,0,0,0,0,0,0,1,0,0,0,0,1,0
28,1,2,4,3,3,3,4382,6,0,17,4,0,3,2,2,0.6666666666666666,730.3333333333334,0.3333333333333333,0,1,1,0,0,0,1,0,0,1,0,0,0,0,0,1,0,0,0,1
36,0,13,3,3,3,2,2143,4,0,13,2,1,2,3,2,0.0,238.11111111111111,0.5555555555555556,0,1,0,0,0,0,0,0,0,1,1,0,0,0,0,0,0,0,1,0
32,0,4,3,3,2,3,6162,1,0,12,3,1,3,3,13,0.4,410.8,0.9333333333333333,0,1,1,0,1,0,0,0,0,0,0,0,0,1,0,0,0,0,1,0
40,0,16,4,1,2,3,5094,6,0,14,4,0,6,3,0,0.0,463.09090909090907,0.09090909090909091,1,0,1,0,0,0,1,0,0,1,0,1,0,0,0,0,0,0,0,1
30,0,2,3,3,2,4,6877,5,1,24,2,0,4,2,0,0.0,529.0,0.0,0,1,1,0,0,0,1,0,0,0,0,0,0,1,0,0,0,0,0,1
45,0,2,3,2,2,3,2274,1,0,14,4,0,3,3,0,0.0,1137.0,0.5,0,1,1,0,1,0,0,0,0,0,0,0,0,0,0,1,0,0,0,1
42,0,29,3,2,3,2,4434,1,0,13,4,1,3,2,8,0.7,403.09090909090907,0.8181818181818182,0,1,1,0,1,0,0,0,0,1,0,0,0,1,0,0,0,0,1,0
38,0,12,3,1,2,1,6288,2,0,15,3,1,3,2,3,0.2,449.14285714285717,0.2857142857142857,1,0,1,0,1,0,0,0,0,1,0,0,0,0,0,0,0,0,0,0
34,0,16,4,3,2,4,2553,1,0,16,3,0,3,3,2,0.16666666666666666,364.7142857142857,0.7142857142857143,1,0,1,0,1,0,0,0,0,0,0,0,0,0,0,1,0,0,0,1
49,1,11,3,3,3,4,7654,1,0,18,1,2,3,4,8,0.7,765.4,0.9,0,1,0,1,0,1,0,0,0,0,0,0,0,0,0,0,1,0,1,0
55,1,2,1,3,3,4,5160,4,0,16,3,0,3,2,7,0.7,396.9230769230769,0.6923076923076923,0,1,0,1,0,0,1,0,0,1,0,0,0,0,0,0,1,0,0,1
43,0,14,2,2,3,1,17159,6,0,24,3,1,3,3,1,0.2,746.0434782608696,0.17391304347826086,0,1,1,0,1,0,0,0,0,1,0,0,0,0,1,0,0,0,1,0
27,0,5,1,3,2,4,12808,1,1,16,2,1,3,3,8,0.0,1280.8,0.9,0,1,1,0,0,0,0,0,1,1,0,0,0,0,1,0,0,0,0,0
35,0,7,3,3,3,3,10221,3,0,21,2,0,3,4,5,0.1111111111111111,567.8333333333334,0.4444444444444444,0,1,1,0,0,0,0,1,0,1,0,0,0,1,0,0,0,0,0,1
28,0,2,4,2,3,2,4779,1,1,20,1,0,2,3,7,0.7777777777777778,531.0,0.8888888888888888,0,1,0,1,0,1,0,0,0,0,0,0,0,0,0,0,1,0,1,0
34,0,3,2,3,3,4,3737,0,0,19,3,1,1,1,2,0.0,747.4,0.6,0,1,0,0,0,0,0,0,0,1,1,0,0,0,0,0,0,0,1,0
26,1,5,2,3,2,3,2366,1,1,14,1,1,2,3,7,0.1111111111111111,262.8888888888889,0.8888888888888888,1,0,1,0,0,0,1,0,0,0,0,0,0,0,0,1,0,0,1,0
27,0,3,3,4,3,4,1706,1,0,11,3,3,6,2,0,0.0,1706.0,0.0,0,0,1,0,0,0,1,0,0,1,0,0,0,0,0,1,0,0,1,0
51,0,26,4,1,3,3,16307,2,0,14,3,1,2,2,6,0.19047619047619047,543.5666666666667,0.6666666666666666,0,1,0,1,0,1,0,0,0,0,0,0,1,0,0,0,0,0,1,0
44,0,4,3,4,3,2,5933,9,0,12,4,0,2,2,2,0.3333333333333333,539.3636363636364,0.45454545454545453,0,1,1,0,0,0,1,0,0,1,0,0,0,0,0,0,0,0,0,1
25,0,2,1,1,4,1,3424,7,0,13,3,0,3,2,3,0.0,489.14285714285717,0.5714285714285714,0,1,1,0,0,0,1,0,0,1,0,0,0,0,0,1,0,0,0,1
33,0,1,3,1,4,1,4037,1,0,22,1,1,5,3,8,0.0,403.7,0.9,0,1,0,1,0,0,1,0,0,1,0,0,0,0,0,0,1,0,0,0
35,0,27,1,3,2,1,2559,1,0,11,4,0,3,2,5,0.14285714285714285,365.57142857142856,0.8571428571428571,0,1,1,0,0,0,1,0,0,0,0,0,0,0,0,1,0,0,0,1
36,0,1,2,2,3,4,6201,1,1,14,4,1,1,2,14,0.21052631578947367,326.36842105263156,0.9473684210526315,0,1,0,1,1,0,0,0,0,1,0,0,0,0,0,0,1,0,1,0
32,0,13,4,2,3,4,4403,2,0,11,3,1,3,2,2,0.0,489.22222222222223,0.5555555555555556,0,1,0,1,1,0,0,0,0,1,0,0,0,0,0,0,1,0,0,0
30,0,5,4,2,2,4,3761,9,0,12,2,1,3,2,4,0.0,341.90909090909093,0.45454545454545453,1,0,1,0,1,0,0,0,0,1,0,0,0,0,0,1,0,0,0,0
53,0,7,2,1,2,4,10934,7,1,18,4,1,3,3,2,0.0,303.72222222222223,0.1388888888888889,0,1,0,1,0,1,0,0,0,0,0,0,0,0,0,0,1,0,1,0
45,0,9,3,4,3,1,10761,4,1,12,3,1,2,3,4,0.0,566.3684210526316,0.2631578947368421,0,1,0,1,0,1,0,0,0,1,0,0,0,0,0,0,1,0,0,0
32,0,8,2,3,4,3,5175,5,0,12,3,1,3,2,3,0.16666666666666666,517.5,0.5,0,1,1,0,0,0,1,0,0,0,0,0,0,0,0,1,0,0,1,0
52,0,25,4,3,2,4,13826,3,0,22,3,0,3,3,8,0.0,432.0625,0.28125,1,0,1,0,0,0,1,0,0,0,0,0,0,1,0,0,0,0,1,0
37,0,16,4,4,2,3,6334,4,0,19,4,2,2,3,0,0.0,633.4,0.1,0,1,0,1,0,1,0,0,0,1,0,0,0,0,0,0,1,0,0,0
28,0,8,2,2,2,4,4936,1,0,13,4,1,6,3,1,0.0,705.1428571428571,0.7142857142857143,0,1,0,0,0,0,1,0,0,1,1,0,0,0,0,0,0,0,0,0
22,0,1,2,4,2,4,4775,6,0,22,1,2,2,1,2,0.6666666666666666,955.0,0.4,0,1,1,0,1,0,0,0,0,1,0,0,0,1,0,0,0,0,1,0
44,0,8,4,1,4,4,2818,2,1,24,3,1,2,2,2,0.0,256.1818181818182,0.2727272727272727,0,1,1,0,1,0,0,0,0,1,0,1,0,0,0,0,0,0,1,0
42,0,2,1,2,3,4,2515,5,1,14,4,0,2,3,1,0.6666666666666666,279.44444444444446,0.2222222222222222,1,0,1,0,0,0,1,0,0,1,0,0,0,0,0,1,0,0,0,1
36,0,8,3,1,2,1,2342,0,0,21,3,0,3,3,4,0.0,334.57142857142856,0.7142857142857143,0,1,0,0,1,0,0,0,0,1,1,0,0,0,0,0,0,0,1,0
25,0,3,1,3,3,1,4194,1,1,18,4,0,3,3,3,0.0,699.0,0.8333333333333334,0,1,0,1,0,0,0,1,0,1,0,0,0,0,0,0,1,0,1,0
35,0,9,3,4,2,3,10685,1,1,20,2,1,2,3,14,0.2777777777777778,593.6111111111111,0.9444444444444444,0,1,1,0,1,0,0,0,0,0,0,0,0,1,0,0,0,0,1,0
35,1,25,4,4,3,2,2022,1,1,19,1,1,3,2,2,0.6363636363636364,183.8181818181818,0.9090909090909091,1,0,1,0,1,0,0,0,0,0,0,0,0,0,0,1,0,0,0,0
32,0,1,3,4,3,4,2314,0,0,12,2,1,2,3,0,0.0,462.8,0.6,0,0,1,0,1,0,0,0,0,1,0,1,0,0,0,0,0,0,0,0
25,0,4,1,3,2,1,4256,1,0,12,1,0,1,4,2,0.0,709.3333333333334,0.8333333333333334,0,1,0,1,0,1,0,0,0,1,0,0,0,0,0,0,1,0,1,0
49,0,1,3,3,3,1,3580,2,0,16,2,1,2,3,2,0.0,447.5,0.5,0,1,1,0,0,0,0,0,1,0,0,0,0,0,0,1,0,0,1,0
24,0,4,1,1,2,4,3162,0,0,17,4,0,2,2,2,0.5,451.7142857142857,0.7142857142857143,0,0,1,0,1,0,0,0,0,1,0,1,0,0,0,0,0,0,1,0
32,0,5,2,2,3,2,6524,1,0,14,4,1,3,3,8,0.45454545454545453,593.0909090909091,0.9090909090909091,1,0,0,1,1,0,0,0,0,1,0,0,0,0,0,0,1,0,1,0
38,0,9,3,2,2,2,2899,0,0,19,4,1,3,3,2,0.3333333333333333,724.75,0.5,0,1,0,1,0,1,0,0,0,1,0,0,0,0,0,0,0,1,1,0
42,0,3,3,3,4,4,5231,2,1,13,2,1,1,2,3,0.16666666666666666,290.6111111111111,0.2777777777777778,0,1,1,0,1,0,0,0,0,0,0,1,0,0,0,0,0,0,1,0
31,0,11,4,4,3,4,2356,3,1,19,2,1,2,3,4,0.0,261.77777777777777,0.6666666666666666,0,1,1,0,1,0,0,0,0,1,0,0,0,0,0,1,0,0,1,0
29,1,1,3,2,2,3,2800,6,1,19,3,3,3,3,2,0.0,466.6666666666667,0.5,0,1,0,1,0,0,1,0,0,0,0,0,0,0,0,0,0,1,0,0
53,0,8,3,1,3,4,11836,5,0,14,3,1,3,3,0,0.6666666666666666,408.13793103448273,0.06896551724137931,0,1,0,1,0,1,0,0,0,1,0,0,0,0,0,0,1,0,1,0
35,0,25,3,4,2,2,10903,3,0,16,1,0,2,3,10,0.2857142857142857,641.3529411764706,0.7647058823529411,0,1,1,0,0,0,0,0,1,1,0,0,0,1,0,0,0,0,1,0
37,0,21,2,3,3,4,2973,5,0,15,2,1,3,3,4,0.0,270.27272727272725,0.45454545454545453,1,0,0,1,0,0,1,0,0,0,0,0,0,0,0,0,0,1,1,0
53,0,23,4,4,3,4,14275,6,0,18,3,0,0,3,9,0.23076923076923078,419.8529411764706,0.35294117647058826,0,1,1,0,1,0,0,0,0,0,0,0,0,0,1,0,0,0,0,1
43,0,1,3,4,3,4,5562,4,0,13,2,1,2,2,2,0.3333333333333333,427.84615384615387,0.38461538461538464,1,0,1,0,1,0,0,0,0,0,0,0,0,0,0,0,0,0,1,0
47,0,2,2,3,3,4,4537,0,1,22,1,1,2,3,6,0.875,504.1111111111111,0.7777777777777778,0,1,0,1,0,1,0,0,0,0,0,0,0,0,0,0,1,0,1,0
37,0,19,2,1,3,2,7642,1,1,13,4,0,2,3,0,0.0,694.7272727272727,0.9090909090909091,0,0,0,1,0,0,1,0,0,1,0,0,0,0,0,0,1,0,0,1
50,0,2,4,1,3,1,17924,1,0,11,4,1,3,3,6,0.4375,560.125,0.96875,0,0,1,0,1,0,0,0,0,1,0,0,1,0,0,0,0,0,0,0
39,0,2,3,4,2,4,5204,8,0,11,3,2,2,3,4,0.0,371.7142857142857,0.35714285714285715,0,1,0,0,1,0,0,0,0,0,1,0,0,0,0,0,0,0,1,0
33,0,3,2,4,3,2,2277,3,1,11,3,1,4,4,3,0.0,284.625,0.5,0,1,0,0,0,0,0,0,0,1,1,0,0,0,0,0,0,0,0,0
32,1,25,4,1,3,4,2795,1,1,24,3,0,2,1,0,0.0,1397.5,0.5,0,1,1,0,1,0,0,0,0,1,0,1,0,0,0,0,0,0,0,1
29,0,7,1,1,2,4,2532,6,0,14,3,3,5,3,3,0.0,281.3333333333333,0.4444444444444444,0,1,1,0,0,0,1,0,0,0,0,1,0,0,0,0,0,0,0,0
44,0,9,2,2,3,1,2559,1,1,13,4,0,0,3,7,0.7777777777777778,284.3333333333333,0.8888888888888888,0,1,1,0,1,0,0,0,0,1,0,0,0,0,0,1,0,0,1,0
28,0,5,4,1,3,4,4908,1,0,14,2,0,3,3,2,0.0,981.6,0.8,0,1,0,1,0,0,1,0,0,1,0,0,0,0,0,0,1,0,0,1
58,1,2,1,4,2,4,2380,9,1,14,4,1,3,2,0,0.0,595.0,0.25,1,0,1,0,1,0,0,0,0,1,0,1,0,0,0,0,0,0,0,0
43,0,8,3,1,3,2,4765,4,0,21,3,1,2,4,0,0.0,953.0,0.2,0,1,1,0,1,0,0,0,0,0,0,0,0,1,0,0,0,0,0,0
20,1,2,3,3,2,3,2044,1,0,13,4,0,3,2,2,0.0,681.3333333333334,0.6666666666666666,0,1,0,1,0,0,1,0,0,0,0,0,0,0,0,0,0,1,0,1
21,1,18,1,4,3,4,2693,1,0,19,1,0,3,2,0,0.0,1346.5,0.5,0,1,1,0,0,0,0,1,0,0,0,0,0,0,0,1,0,0,0,1
36,0,14,1,3,3,4,6586,0,1,17,1,1,2,2,8,0.23529411764705882,365.8888888888889,0.8888888888888888,0,1,1,0,1,0,0,0,0,1,0,0,0,0,0,0,0,0,1,0
47,0,2,4,4,2,4,3294,1,1,18,1,0,3,2,2,0.25,823.5,0.75,0,1,0,1,1,0,0,0,0,0,0,0,0,0,0,0,0,1,0,1
22,1,3,1,2,3,3,4171,0,1,19,1,1,3,4,2,0.0,834.2,0.6,0,1,1,0,1,0,0,0,0,0,0,0,0,1,0,0,0,0,1,0
41,1,2,4,2,1,4,2778,4,1,13,3,1,1,2,7,0.125,252.54545454545453,0.6363636363636364,0,1,1,0,1,0,0,0,0,0,0,1,0,0,0,0,0,0,0,0
28,0,9,3,3,3,3,2377,5,0,18,2,1,2,3,2,0.6666666666666666,339.57142857142856,0.2857142857142857,0,1,1,0,0,0,1,0,0,0,0,0,0,0,0,1,0,0,0,0
39,1,6,3,4,3,1,2404,7,1,21,4,0,2,1,2,0.6666666666666666,267.1111111111111,0.2222222222222222,0,1,1,0,0,0,1,0,0,1,0,1,0,0,0,0,0,0,1,0
27,0,4,3,2,3,3,2318,1,0,19,3,0,2,3,1,0.0,1159.0,0.5,0,1,1,0,1,0,0,0,0,0,0,0,0,0,0,1,0,0,0,1
34,0,10,3,2,3,2,2008,1,0,14,2,2,3,3,0,0.5,1004.0,0.5,0,1,1,0,1,0,0,0,0,1,0,1,0,0,0,0,0,0,0,0
42,0,14,2,3,2,3,6244,7,0,17,1,0,6,3,4,0.0,567.6363636363636,0.45454545454545453,0,1,0,1,0,0,1,0,0,0,0,0,0,0,0,0,1,0,0,1
33,0,1,4,3,2,1,2799,3,1,11,2,0,1,3,2,0.0,399.85714285714283,0.42857142857142855,0,1,1,0,0,0,0,1,0,1,0,0,0,0,0,1,0,0,0,1
58,0,5,3,3,2,2,10552,2,1,13,4,1,3,3,0,0.0,422.08,0.24,0,1,1,0,0,0,0,0,1,0,0,0,0,0,0,0,0,0,0,0
31,0,7,4,2,2,3,2329,3,0,15,2,0,2,4,7,0.625,166.35714285714286,0.5,0,1,0,1,1,0,0,0,0,1,0,0,0,0,0,0,0,1,1,0
35,0,21,1,4,3,4,4014,1,1,25,4,1,2,1,6,0.0,364.90909090909093,0.9090909090909091,0,1,1,0,1,0,0,0,0,0,0,0,0,0,0,0,0,0,1,0
49,0,8,2,1,3,2,7403,4,0,11,3,1,3,2,9,0.037037037037037035,246.76666666666668,0.8666666666666667,0,1,1,0,0,0,0,1,0,0,0,1,0,0,0,0,0,0,1,0
48,0,20,4,4,3,3,2259,4,0,17,1,2,2,2,0,0.0,161.35714285714286,0.0,0,1,1,0,0,0,1,0,0,1,0,0,0,0,0,1,0,0,1,0
31,0,20,2,4,3,3,6932,1,0,13,4,1,2,2,8,0.0,693.2,0.9,0,0,0,1,0,1,0,0,0,0,0,0,0,0,0,0,1,0,1,0
36,0,7,4,2,3,4,4678,2,0,18,3,0,6,3,2,0.0,519.7777777777778,0.6666666666666666,0,1,1,0,0,0,0,1,0,1,0,0,0,0,0,1,0,0,0,1
38,0,1,3,4,3,1,13582,1,0,13,2,1,3,3,12,0.3125,848.875,0.9375,0,1,1,0,0,0,0,0,1,0,0,0,0,0,1,0,0,0,1,0
32,0,1,3,3,2,2,2332,6,0,20,3,0,3,3,0,0.0,388.6666666666667,0.5,0,0,1,0,1,0,0,0,0,0,0,1,0,0,0,0,0,0,1,0
25,1,19,2,3,2,2,2413,1,1,18,3,3,2,3,0,0.0,1206.5,0.5,0,1,0,1,0,1,0,0,0,1,0,0,0,0,0,0,0,1,1,0
40,0,10,4,1,2,2,9705,2,0,12,2,1,2,2,0,0.0,808.75,0.08333333333333333,0,1,0,1,0,1,0,0,0,1,0,0,0,0,0,0,1,0,0,0
26,0,1,3,3,2,1,4294,1,0,12,2,0,2,3,7,0.0,536.75,0.875,1,0,0,1,0,0,1,0,0,1,0,0,0,0,0,0,1,0,0,1
41,0,6,3,4,3,1,4721,2,1,13,3,0,3,3,13,0.10526315789473684,224.8095238095238,0.8571428571428571,0,1,1,0,0,0,1,0,0,1,0,1,0,0,0,0,0,0,0,1
36,0,2,4,3,3,3,2519,4,0,21,3,0,6,3,8,0.25,148.1764705882353,0.6470588235294118,0,1,1,0,0,0,1,0,0,1,0,1,0,0,0,0,0,0,0,1
19,1,21,3,4,2,2,2121,1,1,13,2,0,3,4,0,0.0,1060.5,0.5,0,1,0,1,0,0,0,1,0,1,0,0,0,0,0,0,0,1,0,1
20,1,4,3,1,3,1,2973,1,0,19,2,0,2,3,0,0.0,1486.5,0.5,0,1,1,0,0,0,0,0,1,1,0,1,0,0,0,0,0,0,0,1
31,0,12,3,4,3,4,5855,0,1,11,3,2,2,1,7,0.8,532.2727272727273,0.8181818181818182,0,1,1,0,0,0,1,0,0,0,0,0,0,0,0,0,0,0,1,0
40,0,9,4,4,3,2,3617,8,1,14,4,1,2,3,1,0.0,904.25,0.25,1,0,1,0,0,0,1,0,0,1,0,0,0,0,0,1,0,0,0,0
32,0,3,4,3,3,1,6725,1,0,12,3,1,2,4,7,0.6666666666666666,747.2222222222222,0.8888888888888888,0,1,1,0,0,0,1,0,0,0,0,0,0,1,0,0,0,0,1,0
36,1,3,1,3,2,4,10325,1,1,11,1,1,6,3,7,0.17647058823529413,607.3529411764706,0.9411764705882353,0,1,0,1,1,0,0,0,0,1,0,0,0,0,0,0,1,0,1,0
33,0,1,3,2,2,4,6949,0,0,14,1,0,3,3,0,0.16666666666666666,992.7142857142857,0.7142857142857143,0,1,1,0,1,0,0,0,0,0,0,0,0,0,0,0,0,0,0,1
37,1,1,4,1,2,3,10609,5,0,11,3,0,2,1,1,0.7333333333333333,589.3888888888889,0.7777777777777778,0,1,0,1,1,0,0,0,0,1,0,0,0,0,0,0,1,0,1,0
45,0,4,2,3,3,2,4447,1,0,12,2,0,5,2,7,0.0,444.7,0.9,0,0,1,0,1,0,0,0,0,1,0,1,0,0,0,0,0,0,1,0
29,0,20,3,3,3,4,2157,1,0,15,2,1,5,3,1,0.0,539.25,0.75,1,0,0,1,0,0,0,0,1,0,0,0,0,0,0,0,0,1,1,0
35,0,18,3,3,3,3,4601,1,0,16,2,0,3,3,2,0.16666666666666666,766.8333333333334,0.8333333333333334,0,1,0,1,0,0,1,0,0,0,0,0,0,0,0,0,1,0,1,0
52,0,1,2,4,3,4,17099,2,0,15,2,1,2,2,8,0.7,633.2962962962963,0.3333333333333333,0,1,1,0,1,0,0,0,0,1,0,0,1,0,0,0,0,0,1,0
58,1,2,3,4,3,3,2479,4,0,24,1,0,4,3,0,0.0,309.875,0.125,0,1,1,0,0,0,0,0,1,1,0,0,0,0,0,1,0,0,0,1
53,0,2,2,3,3,3,14852,6,0,13,3,1,3,4,13,0.8333333333333334,645.7391304347826,0.7391304347826086,0,1,0,1,0,0,1,0,0,1,0,0,1,0,0,0,0,0,0,0
30,0,8,2,3,3,3,7264,5,0,11,1,1,2,4,4,0.7777777777777778,660.3636363636364,0.7272727272727273,0,1,0,1,0,0,0,1,0,1,0,0,0,0,0,0,1,0,0,0
38,0,10,3,3,3,4,5666,1,1,13,2,0,1,3,3,0.16666666666666666,809.4285714285714,0.7142857142857143,0,0,0,1,0,0,0,0,1,0,0,0,0,0,0,0,1,0,0,1
35,0,3,4,4,3,4,7823,6,0,13,2,1,2,3,9,0.0,601.7692307692307,0.7692307692307693,0,1,0,1,1,0,0,0,0,1,0,0,0,0,0,0,1,0,0,0
39,0,2,5,1,4,3,7880,0,0,18,4,0,3,3,7,0.0,788.0,0.8,0,1,0,1,1,0,0,0,0,1,0,0,0,0,0,0,1,0,0,1
40,1,24,3,2,4,2,13194,4,1,16,4,0,2,2,0,0.0,573.6521739130435,0.043478260869565216,0,0,0,1,1,0,0,0,0,0,0,0,0,0,0,0,1,0,0,1
47,0,16,4,3,4,3,5067,1,1,19,3,0,3,4,10,0.1,241.28571428571428,0.9047619047619048,1,0,1,0,0,0,1,0,0,1,0,0,0,1,0,0,0,0,0,0
36,0,8,4,1,3,4,5079,4,0,13,4,2,3,3,7,0.0,390.6923076923077,0.5384615384615384,0,0,0,1,0,0,0,0,1,1,0,0,0,0,0,0,1,0,0,0
31,1,9,2,3,2,1,2321,0,1,22,1,0,0,3,2,0.25,464.2,0.6,0,0,1,0,0,0,1,0,0,1,0,0,0,0,0,1,0,0,0,1
33,0,17,3,4,3,3,17444,1,0,11,4,0,2,3,8,0.5454545454545454,1585.8181818181818,0.9090909090909091,0,0,0,1,1,0,0,0,0,1,0,0,1,0,0,0,0,0,0,1
29,1,10,3,4,2,1,2404,6,1,20,3,0,5,3,0,0.0,601.0,0.0,0,1,1,0,1,0,0,0,0,0,0,0,0,0,0,1,0,0,0,1
33,0,13,1,2,3,4,3452,3,0,18,1,0,4,3,2,0.0,575.3333333333334,0.5,0,1,1,0,1,0,0,0,0,0,0,0,0,0,0,1,0,0,0,1
45,0,1,4,4,3,4,2270,3,0,14,4,2,2,3,3,0.0,252.22222222222223,0.5555555555555556,0,1,1,0,0,0,1,0,0,0,0,1,0,0,0,0,0,0,0,0
50,0,1,2,4,3,4,17399,9,0,22,3,1,1,2,4,0.16666666666666666,527.2424242424242,0.15151515151515152,0,1,1,0,0,0,1,0,0,1,0,0,0,0,1,0,0,0,0,0
33,0,1,4,3,4,2,5488,1,1,13,1,1,2,3,5,0.14285714285714285,784.0,0.8571428571428571,1,0,1,0,0,0,0,1,0,0,0,0,0,0,0,0,0,0,1,0
41,0,9,3,1,3,3,19419,2,0,17,2,1,2,4,16,0.0,882.6818181818181,0.8181818181818182,1,0,1,0,0,0,1,0,0,1,0,0,0,0,1,0,0,0,0,0
27,0,16,4,3,3,2,2811,9,0,14,2,1,2,3,2,0.6666666666666666,562.2,0.4,0,1,1,0,0,0,0,0,1,0,0,1,0,0,0,0,0,0,1,0
45,0,23,2,4,3,1,3633,1,1,15,3,1,2,3,8,0.0,363.3,0.9,0,0,1,0,1,0,0,0,0,1,0,1,0,0,0,0,0,0,1,0
47,0,4,2,4,3,4,4163,1,1,17,3,0,0,3,0,0.0,416.3,0.9,0,1,0,1,1,0,0,0,0,0,0,0,0,0,0,0,1,0,0,1
30,1,22,3,1,3,3,2132,4,1,11,2,0,2,3,2,0.0,266.5,0.625,0,1,1,0,1,0,0,0,0,0,0,0,0,0,0,1,0,0,1,0
50,0,24,3,4,3,3,13973,3,1,18,4,1,2,3,11,0.07692307692307693,607.5217391304348,0.5217391304347826,0,1,1,0,1,0,0,0,0,1,0,0,0,1,0,0,0,0,1,0
38,0,10,1,3,3,3,2684,0,0,17,2,1,0,2,1,0.0,671.0,0.5,1,0,1,0,0,0,1,0,0,1,0,0,0,0,0,1,0,0,1,0
46,0,7,2,4,3,3,10845,6,0,13,2,1,3,3,7,0.0,774.6428571428571,0.5714285714285714,0,1,1,0,0,0,1,0,0,1,0,0,0,1,0,0,0,0,0,0
24,0,17,1,4,2,3,4377,1,0,15,2,2,6,3,2,0.6,729.5,0.6666666666666666,0,1,1,0,0,0,1,0,0,0,0,0,0,1,0,0,0,0,0,0
35,1,14,4,3,2,2,3743,1,1,24,4,1,2,1,2,0.0,623.8333333333334,0.6666666666666666,0,1,1,0,0,0,0,1,0,1,0,1,0,0,0,0,0,0,0,0
31,0,1,1,3,3,1,4148,1,0,12,3,1,1,3,3,0.0,829.6,0.8,1,0,1,0,1,0,0,0,0,0,0,0,0,1,0,0,0,0,1,0
18,0,5,2,2,3,4,1051,1,0,15,4,0,2,3,0,0.0,1051.0,0.0,0,0,1,0,1,0,0,0,0,1,0,0,0,0,0,1,0,0,0,1
54,0,17,3,3,3,3,10739,8,0,11,3,1,2,3,7,0.0,466.9130434782609,0.43478260869565216,0,1,1,0,0,0,0,0,1,0,0,0,0,1,0,0,0,0,1,0
35,0,25,4,3,3,3,10388,1,1,11,3,1,3,2,10,0.5882352941176471,611.0588235294117,0.9411764705882353,0,1,1,0,0,0,1,0,0,0,0,0,0,0,0,0,0,0,0,0
30,0,8,2,2,4,1,11416,0,1,12,3,3,4,2,7,0.1111111111111111,1141.6,0.8,0,1,1,0,1,0,0,0,0,0,0,0,0,0,1,0,0,0,1,0
20,1,11,3,4,2,1,2600,1,1,15,1,0,2,3,0,0.0,1300.0,0.5,0,1,1,0,0,0,1,0,0,0,0,0,0,0,0,1,0,0,0,1
30,1,5,3,2,3,2,2422,0,0,17,1,0,3,3,2,0.25,484.4,0.6,1,0,1,0,0,0,1,0,0,0,0,1,0,0,0,0,0,0,0,1
26,0,2,2,4,4,4,5472,1,0,12,2,0,2,3,7,0.1111111111111111,608.0,0.8888888888888888,0,1,1,0,0,0,1,0,0,1,0,0,0,1,0,0,0,0,1,0
22,0,8,1,2,1,1,2451,1,0,15,1,1,3,2,3,0.2,490.2,0.8,0,1,1,0,1,0,0,0,0,1,0,1,0,0,0,0,0,0,1,0
48,0,6,3,1,2,3,4240,2,0,13,4,0,0,3,2,0.6666666666666666,212.0,0.1,0,1,1,0,1,0,0,0,0,1,0,0,0,0,0,0,0,0,0,1
48,0,4,4,3,2,3,10999,7,0,14,2,0,3,3,11,0.25,392.82142857142856,0.5357142857142857,0,1,1,0,1,0,0,0,0,1,0,0,0,0,0,0,0,0,0,1
41,0,7,2,4,3,3,5003,6,0,14,2,0,6,3,2,0.6666666666666666,555.8888888888889,0.2222222222222222,0,1,1,0,0,0,1,0,0,0,0,0,0,1,0,0,0,0,0,1
39,0,1,1,4,2,4,12742,1,0,16,3,1,3,3,6,0.5,579.1818181818181,0.9545454545454546,0,1,1,0,1,0,0,0,0,0,0,0,0,1,0,0,0,0,1,0
27,0,2,4,1,3,4,4227,0,0,18,2,1,2,3,2,0.5,845.4,0.6,0,1,1,0,1,0,0,0,0,0,0,0,0,1,0,0,0,0,1,0
35,0,10,3,2,3,4,3917,1,0,20,1,1,4,2,2,0.25,979.25,0.75,0,1,1,0,0,0,0,1,0,1,0,1,0,0,0,0,0,0,0,0
42,0,5,2,4,3,3,18303,6,0,13,2,0,3,4,0,0.0,831.9545454545455,0.045454545454545456,0,1,0,1,0,1,0,0,0,1,0,0,1,0,0,0,0,0,1,0
50,0,9,3,1,3,4,2380,4,0,18,2,0,5,3,0,0.0,264.44444444444446,0.1111111111111111,0,1,1,0,1,0,0,0,0,1,0,1,0,0,0,0,0,0,1,0
59,0,2,3,3,2,4,13726,3,1,13,1,0,4,3,3,0.6666666666666666,442.7741935483871,0.16129032258064516,0,1,1,0,1,0,0,0,0,0,0,0,0,1,0,0,0,0,0,1
37,1,11,2,1,1,2,4777,5,0,15,1,0,2,1,0,0.0,298.5625,0.0625,0,1,1,0,0,0,1,0,0,0,0,0,0,0,0,0,0,0,1,0
55,0,18,4,3,3,2,6385,3,1,14,4,2,3,3,7,0.6666666666666666,354.72222222222223,0.4444444444444444,1,0,1,0,0,0,1,0,0,1,0,0,0,0,0,0,0,0,1,0
41,0,7,1,2,1,3,19973,1,0,22,2,2,3,3,16,0.22727272727272727,907.8636363636364,0.9545454545454546,0,0,1,0,1,0,0,0,0,0,0,0,0,0,1,0,0,0,0,0
38,0,3,4,2,3,4,6861,8,1,12,3,0,1,3,0,0.0,343.05,0.05,0,1,0,1,1,0,0,0,0,1,0,0,0,0,0,0,1,0,0,1
26,1,29,2,2,1,1,4969,8,0,18,4,0,6,3,2,0.6666666666666666,621.125,0.25,0,0,0,1,0,0,1,0,0,1,0,0,0,0,0,0,1,0,0,1
52,1,2,1,1,1,4,19845,1,0,15,4,1,3,3,14,0.18181818181818182,583.6764705882352,0.9411764705882353,0,1,0,1,0,1,0,0,0,0,0,0,1,0,0,0,0,0,1,0
44,0,28,3,4,4,4,13320,3,1,18,3,1,2,3,11,0.8461538461538461,555.0,0.5,0,1,0,1,0,0,1,0,0,0,0,0,0,0,0,0,1,0,1,0
50,0,1,3,4,3,3,6347,0,0,12,1,1,3,3,7,0.0,317.35,0.9,0,0,0,1,1,0,0,0,0,0,0,0,0,0,0,0,1,0,1,0
36,1,16,4,3,4,1,2743,1,0,16,3,0,1,3,13,0.8333333333333334,144.3684210526316,0.8947368421052632,0,1,1,0,1,0,0,0,0,0,0,1,0,0,0,0,0,0,0,1
39,0,22,3,4,3,1,10880,1,1,13,3,0,2,3,6,0.09090909090909091,494.54545454545456,0.9545454545454546,1,0,1,0,0,0,1,0,0,0,0,0,0,1,0,0,0,0,0,1
33,0,8,1,2,2,4,2342,0,0,19,4,0,2,2,2,0.6666666666666666,585.5,0.5,0,0,0,1,1,0,0,0,0,0,0,0,0,0,0,0,0,1,0,1
45,0,11,2,4,3,4,17650,3,0,13,2,1,4,4,3,0.1,653.7037037037037,0.3333333333333333,0,1,0,1,1,0,0,0,0,0,0,0,1,0,0,0,0,0,1,0
32,0,29,4,4,3,3,4025,9,0,12,2,0,2,3,7,0.7777777777777778,365.90909090909093,0.7272727272727273,0,0,1,0,0,0,1,0,0,0,0,1,0,0,0,0,0,0,0,1
34,0,1,4,2,4,4,9725,0,0,11,4,1,2,2,1,0.0,572.0588235294117,0.8823529411764706,0,1,0,1,0,1,0,0,0,1,0,0,0,0,0,0,1,0,0,0
59,0,1,2,2,3,4,11904,3,1,14,3,1,1,1,4,0.0,793.6,0.4,0,1,0,1,0,0,0,0,1,1,0,0,1,0,0,0,0,0,1,0
45,0,24,4,2,3,2,2177,1,0,16,1,0,3,3,3,0.0,311.0,0.8571428571428571,0,1,0,0,0,0,1,0,0,1,1,0,0,0,0,0,0,0,0,1
53,0,2,3,3,2,2,7525,2,0,12,1,1,2,3,7,0.375,242.74193548387098,0.4838709677419355,1,0,0,1,0,1,0,0,0,0,0,0,0,0,0,0,1,0,1,0
36,1,15,3,1,3,3,4834,7,0,14,2,1,3,2,0,0.0,483.4,0.1,0,1,1,0,0,0,0,1,0,1,0,1,0,0,0,0,0,0,0,0
26,1,2,3,1,3,1,2042,6,1,14,2,1,2,3,2,0.25,291.7142857142857,0.42857142857142855,1,0,1,0,1,0,0,0,0,1,0,0,0,0,0,1,0,0,1,0
34,0,10,4,3,3,3,2220,1,1,19,4,1,2,3,1,0.0,1110.0,0.5,0,1,0,1,1,0,0,0,0,0,0,0,0,0,0,0,0,1,1,0
28,0,10,1,4,3,2,1052,1,0,22,2,0,5,3,0,0.0,526.0,0.5,0,1,0,1,0,0,1,0,0,1,0,0,0,0,0,0,0,1,1,0
38,0,3,4,3,3,3,2821,3,0,16,1,1,2,3,2,0.6666666666666666,313.44444444444446,0.2222222222222222,1,0,1,0,0,0,0,1,0,1,0,0,0,0,0,1,0,0,1,0
50,0,2,4,2,3,3,19237,2,1,11,4,1,2,2,1,0.7777777777777778,641.2333333333333,0.26666666666666666,0,1,1,0,0,0,1,0,0,1,0,0,0,0,1,0,0,0,1,0
37,0,3,3,4,3,2,4107,3,0,15,1,0,3,2,3,0.0,456.3333333333333,0.4444444444444444,0,1,1,0,0,0,0,1,0,0,0,0,0,0,0,0,0,0,0,1
40,0,26,3,3,3,1,8396,1,0,14,2,1,3,2,7,0.875,932.8888888888889,0.7777777777777778,0,1,0,1,0,1,0,0,0,1,0,0,0,0,0,0,1,0,1,0
26,0,1,1,1,2,3,2007,1,0,13,3,2,5,3,3,0.16666666666666666,334.5,0.8333333333333334,1,0,1,0,0,0,1,0,0,0,0,0,0,0,0,1,0,0,0,0
46,0,1,4,4,3,4,19627,9,0,17,4,2,0,3,2,0.6666666666666666,817.7916666666666,0.08333333333333333,0,1,1,0,0,0,1,0,0,1,0,0,0,0,1,0,0,0,0,0
54,0,2,4,3,2,3,10686,6,0,11,2,1,4,3,4,0.7,763.2857142857143,0.6428571428571429,0,1,0,1,1,0,0,0,0,0,0,0,0,0,0,0,1,0,1,0
56,0,9,3,1,3,3,2942,2,0,19,2,1,4,3,4,0.0,154.8421052631579,0.2631578947368421,1,0,1,0,0,0,1,0,0,0,0,0,0,0,0,1,0,0,1,0
36,0,12,5,4,2,4,8858,0,0,11,2,0,2,2,8,0.4666666666666667,553.625,0.875,0,1,1,0,0,0,1,0,0,0,0,0,0,1,0,0,0,0,0,1
55,0,2,1,3,2,1,16756,7,0,15,2,0,3,4,7,0.6,523.625,0.28125,0,0,1,0,0,0,1,0,0,1,0,0,1,0,0,0,0,0,0,1
43,0,25,3,3,2,4,10798,5,0,13,3,1,5,3,0,0.0,568.3157894736842,0.05263157894736842,0,1,0,1,0,0,1,0,0,1,0,0,0,0,0,0,1,0,0,0
20,1,9,3,4,3,4,2323,1,1,14,2,0,3,3,2,0.0,774.3333333333334,0.6666666666666666,1,0,0,1,0,1,0,0,0,0,0,0,0,0,0,0,0,1,0,1
21,1,10,3,3,2,1,1416,1,0,13,1,0,6,2,0,0.5,708.0,0.5,0,1,1,0,1,0,0,0,0,0,0,1,0,0,0,0,0,0,0,1
46,0,8,4,4,2,1,4615,8,1,23,1,3,2,3,13,0.058823529411764705,230.75,0.8,0,1,1,0,1,0,0,0,0,0,0,0,0,0,0,1,0,0,0,0
51,1,4,4,1,3,3,2461,9,1,12,3,3,2,4,0,0.18181818181818182,129.52631578947367,0.5263157894736842,0,1,1,0,1,0,0,0,0,1,0,0,0,0,0,1,0,0,1,0
28,1,24,2,2,2,1,8722,1,0,12,1,0,2,2,7,0.09090909090909091,792.9090909090909,0.9090909090909091,0,0,1,0,0,0,0,0,1,1,0,0,0,0,0,0,0,0,0,1
26,0,1,2,1,2,1,3955,1,0,16,1,2,2,3,3,0.16666666666666666,565.0,0.7142857142857143,0,1,1,0,0,0,1,0,0,1,0,1,0,0,0,0,0,0,1,0
30,0,20,3,3,3,1,9957,0,0,15,3,1,1,2,2,0.0,1244.625,0.75,0,1,1,0,0,0,0,1,0,1,0,0,0,1,0,0,0,0,1,0
41,0,7,2,2,4,3,3376,1,0,13,3,0,3,3,6,0.0,306.90909090909093,0.9090909090909091,0,1,1,0,0,0,0,0,1,0,0,0,0,0,0,1,0,0,1,0
38,0,17,1,3,2,3,8823,0,0,18,1,1,4,2,9,0.05,420.14285714285717,0.9047619047619048,0,1,1,0,1,0,0,0,0,0,0,0,0,0,0,0,0,0,1,0
40,0,20,4,1,3,4,10322,4,0,20,4,1,6,3,10,0.9166666666666666,688.1333333333333,0.7333333333333333,0,1,1,0,0,0,0,0,1,1,0,0,0,0,0,0,0,0,1,0
27,0,8,5,1,1,3,4621,1,0,19,4,3,4,3,2,0.25,1155.25,0.75,0,0,1,0,1,0,0,0,0,1,0,1,0,0,0,0,0,0,1,0
55,0,2,1,4,3,2,10976,3,0,18,2,1,4,3,2,0.25,457.3333333333333,0.125,1,0,1,0,1,0,0,0,0,1,0,0,0,1,0,0,0,0,1,0
28,0,10,3,3,3,3,3660,3,0,13,4,0,4,4,7,0.1111111111111111,332.72727272727275,0.7272727272727273,0,1,1,0,0,0,0,1,0,0,0,0,0,0,0,1,0,0,0,1
44,1,1,2,2,2,1,10482,9,0,14,4,1,1,3,6,0.14285714285714285,419.28,0.8,0,1,0,0,0,0,1,0,0,1,1,0,0,0,0,0,0,0,1,0
33,0,5,3,4,2,4,7119,4,0,15,3,1,2,3,2,0.25,711.9,0.3,0,1,1,0,1,0,0,0,0,1,0,0,0,0,0,0,0,0,0,0
35,1,4,3,4,3,1,9582,0,1,22,1,0,2,3,7,0.4444444444444444,958.2,0.8,0,1,0,1,0,0,0,0,1,1,0,0,0,0,0,0,1,0,0,1
33,1,29,4,1,2,3,4508,1,0,22,2,0,4,3,7,0.21428571428571427,300.53333333333336,0.8666666666666667,1,0,1,0,0,0,1,0,0,0,0,0,0,0,0,1,0,0,0,1
28,0,15,2,1,3,3,2207,1,0,16,4,1,5,2,2,0.4,441.4,0.8,0,1,1,0,1,0,0,0,0,1,0,1,0,0,0,0,0,0,0,0
34,0,3,1,1,3,4,7756,0,0,17,3,0,1,2,2,0.0,969.5,0.75,1,0,1,0,1,0,0,0,0,1,0,0,0,0,0,0,0,0,0,1
37,0,10,4,4,2,4,6694,2,1,14,3,3,5,3,0,0.0,743.7777777777778,0.1111111111111111,0,1,0,1,1,0,0,0,0,0,0,0,0,0,0,0,1,0,0,0
25,1,4,1,4,3,4,3691,1,1,15,2,1,3,4,7,0.625,461.375,0.875,0,1,1,0,0,0,0,0,1,1,0,1,0,0,0,0,0,0,1,0
26,1,21,3,1,3,3,2377,1,0,20,3,1,0,2,1,0.0,1188.5,0.5,0,1,1,0,0,0,1,0,0,1,0,1,0,0,0,0,0,0,0,0
33,1,25,3,1,2,2,2313,4,1,20,2,0,0,3,2,0.6666666666666666,385.5,0.3333333333333333,0,1,1,0,0,0,1,0,0,1,0,0,0,0,0,1,0,0,0,1
42,0,2,2,4,3,1,17665,0,0,17,4,1,3,3,6,0.5652173913043478,736.0416666666666,0.9166666666666666,0,1,1,0,0,0,1,0,0,1,0,0,1,0,0,0,0,0,1,0
28,1,1,3,1,2,2,2596,1,0,15,1,2,2,3,0,0.0,1298.0,0.5,1,0,1,0,0,0,1,0,0,1,0,1,0,0,0,0,0,0,0,0
50,1,1,4,4,3,3,4728,3,1,14,4,0,4,3,0,0.0,788.0,0.0,1,0,0,1,0,0,0,1,0,1,0,0,0,0,0,0,1,0,0,1
33,0,7,3,4,3,2,4302,0,0,17,3,1,3,3,2,0.0,860.4,0.6,1,0,0,1,1,0,0,0,0,0,0,0,0,0,0,0,1,0,1,0
34,0,3,4,3,2,4,2979,3,0,17,4,3,2,3,0,0.0,425.57142857142856,0.0,0,0,1,0,1,0,0,0,0,1,0,0,0,0,0,1,0,0,1,0
48,0,1,4,1,4,4,16885,2,0,22,3,0,3,2,4,0.3333333333333333,603.0357142857143,0.17857142857142858,0,0,1,0,0,0,1,0,0,1,0,0,1,0,0,0,0,0,0,1
45,0,9,4,2,2,3,5593,1,0,13,4,1,2,3,10,0.25,349.5625,0.9375,0,0,0,1,1,0,0,0,0,0,0,0,0,0,0,0,1,0,1,0
52,0,7,4,2,3,2,10445,7,0,19,4,0,4,3,6,0.4444444444444444,549.7368421052631,0.42105263157894735,0,1,1,0,1,0,0,0,0,1,0,0,0,0,0,0,0,0,0,1
38,0,10,4,3,2,3,8740,0,1,14,2,2,2,3,7,0.2222222222222222,874.0,0.8,0,1,0,1,0,1,0,0,0,1,0,0,0,0,0,0,1,0,0,0
29,0,28,4,3,3,4,2514,4,0,22,1,1,1,3,5,0.125,209.5,0.5833333333333334,0,1,1,0,1,0,0,0,0,0,0,0,0,0,0,1,0,0,0,0
28,0,3,3,4,3,2,7655,0,0,17,2,3,3,2,7,0.1,695.9090909090909,0.8181818181818182,0,1,1,0,0,0,1,0,0,0,0,0,0,1,0,0,0,0,0,0
46,0,3,1,1,3,3,17465,3,0,12,4,1,3,3,9,0.3076923076923077,727.7083333333334,0.5,0,1,0,1,0,1,0,0,0,1,0,0,1,0,0,0,0,0,1,0
38,0,2,2,4,3,2,7351,7,0,16,3,0,2,3,0,0.0,668.2727272727273,0.09090909090909091,0,1,0,1,0,1,0,0,0,1,0,0,0,0,0,0,1,0,0,1
43,0,27,3,3,3,1,10820,8,0,11,3,1,1,3,7,0.0,569.4736842105264,0.42105263157894735,1,0,1,0,1,0,0,0,0,0,0,0,0,1,0,0,0,0,1,0
39,1,2,3,1,3,4,12169,7,0,11,4,3,4,3,7,0.5789473684210527,553.1363636363636,0.8181818181818182,1,0,1,0,1,0,0,0,0,1,0,0,0,0,0,0,0,0,0,0
40,0,14,3,3,2,3,19626,1,0,14,1,0,2,4,7,0.19047619047619047,892.0909090909091,0.9090909090909091,0,1,1,0,0,0,1,0,0,1,0,0,0,0,1,0,0,0,0,1
21,0,1,1,4,2,2,2070,1,1,11,3,0,6,4,2,0.6666666666666666,690.0,0.6666666666666666,0,1,1,0,0,0,0,0,1,0,0,0,0,0,0,1,0,0,0,1
39,0,9,3,3,3,2,6782,9,0,15,3,0,2,2,4,0.0,678.2,0.5,0,0,1,0,1,0,0,0,0,1,0,1,0,0,0,0,0,0,0,1
36,0,18,4,1,3,4,7779,2,0,20,1,0,0,3,9,0.0,409.42105263157896,0.5789473684210527,0,0,1,0,1,0,0,0,0,1,0,0,0,1,0,0,0,0,0,1
31,0,20,3,3,4,4,2791,0,0,12,1,1,4,3,2,0.6666666666666666,697.75,0.5,1,0,0,1,1,0,0,0,0,1,0,0,0,0,0,0,0,1,1,0
28,0,2,1,1,2,2,3201,0,0,17,1,0,2,1,3,0.0,457.2857142857143,0.7142857142857143,0,1,1,0,1,0,0,0,0,1,0,0,0,0,0,1,0,0,1,0
35,0,11,2,4,3,4,4968,1,0,11,4,1,3,3,2,0.0,828.0,0.8333333333333334,1,0,0,1,0,1,0,0,0,1,0,0,0,0,0,0,1,0,0,0
49,0,8,4,4,2,2,13120,6,0,17,2,1,3,3,8,0.2,570.4347826086956,0.391304347826087,0,1,0,1,0,0,0,0,1,1,0,0,0,0,0,0,1,0,1,0
34,0,2,2,4,3,3,4033,2,0,11,4,0,3,2,2,0.0,672.1666666666666,0.5,1,0,1,0,1,0,0,0,0,1,0,0,0,1,0,0,0,0,0,1
29,0,10,3,4,3,2,3291,0,0,14,4,2,2,2,5,0.125,365.6666666666667,0.7777777777777778,1,0,1,0,1,0,0,0,0,0,0,0,0,0,0,1,0,0,0,0
42,0,29,3,2,1,4,4272,4,0,19,1,0,3,3,0,0.0,251.2941176470588,0.058823529411764705,0,1,1,0,0,0,1,0,0,1,0,1,0,0,0,0,0,0,0,1
29,0,8,1,2,2,4,5056,1,1,15,3,1,2,2,7,0.09090909090909091,459.6363636363636,0.9090909090909091,0,1,1,0,0,0,1,0,0,1,0,0,0,1,0,0,0,0,1,0
38,0,1,3,3,4,3,2844,1,0,13,4,1,2,4,6,0.625,355.5,0.875,0,1,0,0,0,0,0,0,0,1,1,0,0,0,0,0,0,0,1,0
28,0,6,3,3,2,3,2703,1,1,14,4,1,2,3,1,0.0,675.75,0.75,1,0,1,0,1,0,0,0,0,1,0,0,0,0,0,1,0,0,0,0
18,1,8,1,3,3,3,1904,1,0,12,4,0,0,3,0,0.0,1904.0,0.0,0,0,1,0,0,0,1,0,0,1,0,1,0,0,0,0,0,0,0,1
33,1,9,4,1,3,1,8224,0,1,17,1,0,3,3,2,0.0,1174.857142857143,0.7142857142857143,0,1,0,1,0,1,0,0,0,0,0,0,0,0,0,0,1,0,0,1
41,0,12,4,2,3,4,4766,3,1,11,1,1,4,3,0,0.0,680.8571428571429,0.14285714285714285,0,1,1,0,1,0,0,0,0,1,0,1,0,0,0,0,0,0,1,0
31,1,15,3,3,3,3,2610,1,0,12,3,1,5,2,2,0.6666666666666666,870.0,0.6666666666666666,1,0,1,0,0,0,1,0,0,1,0,1,0,0,0,0,0,0,1,0
37,0,25,2,3,2,4,5731,7,0,13,3,2,2,3,2,0.14285714285714285,573.1,0.6,0,1,1,0,0,0,1,0,0,0,0,0,0,0,0,0,0,0,0,0
27,0,6,3,4,2,3,2539,1,0,13,3,1,0,3,2,0.4,507.8,0.8,0,1,1,0,1,0,0,0,0,1,0,0,0,0,0,1,0,0,1,0
34,0,9,1,2,3,3,5714,1,0,20,1,0,3,2,5,0.14285714285714285,816.2857142857143,0.8571428571428571,0,1,0,1,1,0,0,0,0,0,0,0,0,0,0,0,1,0,1,0
35,0,8,4,3,3,3,4323,1,0,17,2,0,2,1,4,0.16666666666666666,617.5714285714286,0.7142857142857143,0,1,0,0,0,0,0,0,1,1,1,0,0,0,0,0,0,0,0,1
29,1,23,1,4,2,1,7336,1,0,13,1,1,3,1,8,0.25,611.3333333333334,0.9166666666666666,0,1,0,1,1,0,0,0,0,0,0,0,0,0,0,0,1,0,1,0
40,0,9,4,2,3,3,13499,9,0,17,3,0,3,2,7,0.10526315789473684,642.8095238095239,0.8571428571428571,1,0,1,0,0,0,1,0,0,0,0,0,0,0,1,0,0,0,0,1
42,1,12,3,3,3,1,13758,0,1,12,2,0,2,2,9,0.5909090909090909,598.1739130434783,0.9130434782608695,1,0,0,1,1,0,0,0,0,1,0,0,0,0,0,0,1,0,0,1
42,0,4,4,2,3,1,5155,7,0,13,4,0,3,4,4,0.14285714285714285,515.5,0.6,0,1,0,1,0,1,0,0,0,1,0,0,0,0,0,0,1,0,0,1
35,0,1,4,4,2,3,2258,6,0,12,2,1,2,3,0,0.1111111111111111,205.27272727272728,0.7272727272727273,0,1,1,0,0,0,1,0,0,1,0,1,0,0,0,0,0,0,1,0
24,0,24,3,4,3,2,3597,8,0,22,4,0,2,3,3,0.2,513.8571428571429,0.5714285714285714,0,1,1,0,0,0,1,0,0,1,0,1,0,0,0,0,0,0,0,1
28,1,12,1,3,3,4,2515,1,1,11,4,0,4,2,1,0.0,1257.5,0.5,0,1,1,0,1,0,0,0,0,0,0,1,0,0,0,0,0,0,1,0
26,0,3,4,1,4,4,4420,1,0,22,2,1,2,3,7,0.0,491.1111111111111,0.8888888888888888,0,1,1,0,0,0,1,0,0,1,0,1,0,0,0,0,0,0,1,0
30,0,10,3,3,2,3,6578,1,0,18,1,1,3,3,3,0.09090909090909091,598.0,0.9090909090909091,0,1,0,1,0,1,0,0,0,1,0,0,0,0,0,0,1,0,1,0
40,0,26,2,3,2,4,4422,3,1,13,4,1,3,1,1,0.0,260.11764705882354,0.058823529411764705,1,0,1,0,0,0,1,0,0,0,0,0,0,0,0,1,0,0,1,0
35,0,2,3,3,2,2,10274,2,0,18,2,1,2,4,7,0.75,642.125,0.4375,0,1,1,0,1,0,0,0,0,1,0,0,0,1,0,0,0,0,0,0
34,0,1,3,4,2,1,5343,0,0,20,3,0,3,3,9,0.2857142857142857,356.2,0.8666666666666667,1,0,1,0,0,0,1,0,0,1,0,0,0,0,0,0,0,0,0,1
35,0,4,4,4,2,4,2376,1,0,13,2,1,2,4,2,0.6666666666666666,792.0,0.6666666666666666,1,0,1,0,0,0,0,1,0,1,0,1,0,0,0,0,0,0,1,0
43,1,9,3,1,1,3,5346,8,0,13,2,0,2,2,3,0.2,668.25,0.5,0,1,0,1,0,1,0,0,0,0,0,0,0,0,0,0,1,0,0,1
32,0,2,1,3,3,1,2827,1,0,12,3,3,3,3,0,0.0,1413.5,0.5,0,0,0,1,1,0,0,0,0,0,0,0,0,0,0,0,0,1,0,0
56,0,4,4,4,3,1,19943,4,0,13,4,1,2,3,2,0.6666666666666666,687.6896551724138,0.1724137931034483,0,1,1,0,0,0,0,0,1,0,0,0,1,0,0,0,0,0,0,0
29,0,6,1,2,3,4,3131,1,0,13,1,1,5,3,8,0.0,284.6363636363636,0.9090909090909091,0,1,1,0,0,0,1,0,0,0,0,1,0,0,0,0,0,0,1,0
19,0,9,2,3,3,1,2552,1,0,25,3,0,4,3,1,0.0,1276.0,0.5,0,1,1,0,1,0,0,0,0,1,0,0,0,0,0,1,0,0,0,1
45,0,7,3,1,3,3,4477,4,1,19,3,1,2,2,2,0.0,559.625,0.375,0,1,1,0,0,0,1,0,0,0,0,0,0,0,0,1,0,0,1,0
37,0,1,3,4,2,4,6474,1,0,13,2,1,2,2,8,0.2,431.6,0.9333333333333333,0,1,1,0,1,0,0,0,0,0,0,0,0,1,0,0,0,0,1,0
20,0,3,3,1,2,3,3033,1,0,12,1,0,2,2,2,0.3333333333333333,1011.0,0.6666666666666666,0,1,1,0,1,0,0,0,0,1,0,1,0,0,0,0,0,0,0,1
44,1,10,4,3,3,3,2936,1,1,11,3,0,4,3,4,0.0,419.42857142857144,0.8571428571428571,0,1,1,0,1,0,0,0,0,1,0,0,0,0,0,1,0,0,0,1
53,0,7,2,4,3,3,18606,3,0,18,2,1,6,3,7,0.5,689.1111111111111,0.25925925925925924,0,1,1,0,0,0,1,0,0,0,0,0,1,0,0,0,0,0,0,0
29,0,15,1,2,1,4,2168,0,1,18,1,1,2,2,4,0.16666666666666666,309.7142857142857,0.7142857142857143,0,1,1,0,1,0,0,0,0,0,0,0,0,0,0,1,0,0,1,0
22,1,3,4,3,2,4,2853,0,1,11,2,1,5,3,0,0.0,1426.5,0.0,1,0,1,0,1,0,0,0,0,1,0,0,0,0,0,1,0,0,1,0
46,0,2,3,3,3,1,17048,8,0,23,1,0,2,3,15,0.5555555555555556,587.8620689655172,0.896551724137931,0,1,0,1,0,1,0,0,0,0,0,0,1,0,0,0,0,0,1,0
44,0,17,3,4,1,3,2290,2,0,13,4,0,3,3,0,0.0,327.14285714285717,0.0,0,0,1,0,1,0,0,0,0,1,0,0,0,0,0,1,0,0,0,1
33,0,2,3,2,3,3,3600,1,0,13,4,1,2,3,4,0.16666666666666666,600.0,0.8333333333333334,0,1,0,0,0,0,0,0,0,1,1,0,0,0,0,0,0,0,1,0
41,1,5,2,1,2,1,2107,6,0,17,1,1,2,1,0,0.0,351.1666666666667,0.16666666666666666,0,0,1,0,1,0,0,0,0,1,0,0,0,0,0,1,0,0,0,0
30,0,29,4,3,3,1,4115,8,0,19,3,3,3,3,3,0.0,457.22222222222223,0.4444444444444444,0,1,0,1,1,0,0,0,0,1,0,0,0,0,0,0,1,0,0,0
40,0,2,4,2,3,2,4327,5,0,12,4,3,2,3,0,0.0,721.1666666666666,0.0,1,0,0,1,0,0,1,0,0,1,0,0,0,0,0,0,1,0,1,0
50,0,2,3,4,3,1,17856,2,0,22,3,1,3,3,2,0.6666666666666666,541.0909090909091,0.06060606060606061,1,0,1,0,0,0,1,0,0,0,0,0,1,0,0,0,0,0,1,0
28,0,19,4,4,2,1,3196,1,0,12,3,3,2,3,5,0.42857142857142855,456.57142857142856,0.8571428571428571,0,1,1,0,0,0,1,0,0,1,0,1,0,0,0,0,0,0,1,0
46,0,15,2,4,3,2,19081,5,0,11,1,1,2,3,2,0.0,733.8846153846154,0.15384615384615385,0,1,1,0,1,0,0,0,0,1,0,0,0,0,1,0,0,0,1,0
35,0,17,4,3,3,1,8966,3,1,15,4,3,2,3,7,0.125,560.375,0.4375,0,1,0,1,1,0,0,0,0,1,0,0,0,0,0,0,1,0,1,0
24,1,17,2,4,3,2,2210,1,0,13,1,1,3,1,0,0.0,1105.0,0.5,0,1,1,0,1,0,0,0,0,0,0,1,0,0,0,0,0,0,1,0
33,0,25,3,2,3,3,4539,1,0,12,1,1,3,2,7,0.0,412.6363636363636,0.9090909090909091,1,0,0,1,0,0,1,0,0,0,0,0,0,0,0,0,1,0,1,0
36,0,6,4,3,1,3,2741,1,0,14,3,1,4,3,7,0.125,342.625,0.875,0,1,1,0,1,0,0,0,0,1,0,1,0,0,0,0,0,0,0,0
30,0,7,4,3,3,3,3491,1,0,13,1,3,4,2,7,0.7272727272727273,317.3636363636364,0.9090909090909091,0,1,1,0,1,0,0,0,0,1,0,1,0,0,0,0,0,0,0,0
44,0,29,4,4,3,4,4541,1,0,25,2,0,3,3,11,0.6190476190476191,216.23809523809524,0.9523809523809523,0,1,1,0,0,0,0,1,0,1,0,0,0,0,0,1,0,0,0,1
20,0,21,3,3,4,4,2678,1,0,17,4,0,2,3,1,0.6666666666666666,892.6666666666666,0.6666666666666666,0,1,0,1,0,1,0,0,0,1,0,0,0,0,0,0,0,1,0,1
46,0,2,4,4,3,4,7379,2,0,11,3,1,3,2,3,0.14285714285714285,567.6153846153846,0.46153846153846156,0,1,1,0,0,0,0,0,1,1,0,0,0,1,0,0,0,0,0,0
42,0,2,5,4,4,1,6272,7,0,16,1,1,3,4,3,0.0,570.1818181818181,0.36363636363636365,0,0,0,0,0,0,1,0,0,1,1,0,0,0,0,0,0,0,1,0
60,0,7,4,2,4,4,5220,0,1,18,2,1,3,3,7,0.08333333333333333,401.53846153846155,0.8461538461538461,0,1,0,1,0,1,0,0,0,1,0,0,0,0,0,0,1,0,0,0
32,0,13,3,3,2,2,2743,1,0,20,3,1,2,3,2,0.6666666666666666,914.3333333333334,0.6666666666666666,1,0,1,0,0,0,0,1,0,0,0,1,0,0,0,0,0,0,1,0
32,0,2,2,4,3,3,4998,4,1,14,4,0,2,3,7,0.0,454.3636363636364,0.7272727272727273,1,0,1,0,1,0,0,0,0,0,0,0,0,0,0,1,0,0,0,1
36,0,1,3,3,1,1,10252,2,1,21,3,1,2,3,7,0.875,569.5555555555555,0.3888888888888889,0,1,1,0,0,0,0,0,1,0,0,0,0,1,0,0,0,0,0,0
33,0,9,3,1,3,4,2781,0,0,13,2,1,5,3,10,0.26666666666666666,173.8125,0.875,0,1,1,0,0,0,1,0,0,1,0,0,0,0,0,1,0,0,1,0
40,0,10,3,2,2,2,6852,7,0,12,2,1,2,4,1,0.16666666666666666,856.5,0.625,0,1,0,1,0,0,0,0,1,0,0,0,0,0,0,0,1,0,0,0
25,0,10,4,3,3,4,4950,0,0,14,2,0,4,3,3,0.2,825.0,0.6666666666666666,0,1,0,1,1,0,0,0,0,1,0,0,0,0,0,0,1,0,0,1
30,0,1,3,4,3,2,3579,0,1,21,1,1,2,3,9,0.4166666666666667,275.3076923076923,0.8461538461538461,0,1,1,0,0,0,1,0,0,1,0,0,0,0,0,1,0,0,1,0
42,0,26,5,1,3,1,13191,3,1,17,3,0,6,3,0,0.0,628.1428571428571,0.047619047619047616,1,0,1,0,0,0,1,0,0,0,0,0,0,0,1,0,0,0,1,0
35,0,8,2,3,2,4,10377,4,1,11,2,1,6,2,2,0.2857142857142857,610.4117647058823,0.7647058823529411,0,0,0,1,0,1,0,0,0,0,0,0,0,0,0,0,1,0,1,0
27,0,14,3,1,3,1,2235,1,1,14,4,2,3,2,7,0.6,223.5,0.9,0,1,1,0,1,0,0,0,0,1,0,0,0,0,0,1,0,0,1,0
54,0,1,4,4,3,3,10502,7,0,17,1,1,2,1,4,0.16666666666666666,308.88235294117646,0.14705882352941177,1,0,1,0,1,0,0,0,0,0,0,0,0,1,0,0,0,0,0,0
44,0,2,1,1,4,4,2011,1,0,13,4,1,5,3,5,0.6363636363636364,182.8181818181818,0.9090909090909091,0,1,1,0,1,0,0,0,0,0,0,0,0,0,0,1,0,0,1,0
19,1,10,3,1,2,2,1859,1,1,25,2,0,2,4,1,0.0,929.5,0.5,0,0,1,0,0,0,1,0,0,0,0,0,0,0,0,1,0,0,0,1
29,0,1,3,1,3,4,3760,1,0,15,1,3,5,3,2,0.25,940.0,0.75,0,1,1,0,1,0,0,0,0,0,0,0,0,0,0,1,0,0,0,0
54,0,3,3,4,3,4,17779,3,0,14,1,0,2,3,9,0.0,480.5135135135135,0.2702702702702703,0,1,1,0,1,0,0,0,0,1,0,0,0,0,1,0,0,0,1,0
31,0,11,2,3,3,1,6833,1,1,12,4,0,2,2,5,0.0,976.1428571428571,0.8571428571428571,0,1,1,0,0,0,1,0,0,1,0,0,0,0,0,0,0,0,1,0
31,0,24,3,3,2,1,6812,1,0,19,2,0,2,3,9,0.09090909090909091,619.2727272727273,0.9090909090909091,0,1,1,0,0,0,1,0,0,0,0,0,0,0,0,0,0,0,0,1
59,0,3,3,3,2,4,5171,5,0,17,4,0,2,3,1,0.0,369.35714285714283,0.42857142857142855,0,1,0,1,1,0,0,0,0,0,0,0,0,0,0,0,1,0,0,1
43,0,3,3,3,1,4,19740,3,0,14,2,1,2,3,7,0.0,759.2307692307693,0.3076923076923077,0,1,1,0,1,0,0,0,0,1,0,0,0,0,1,0,0,0,1,0
49,0,4,2,1,2,3,18711,2,0,13,3,1,2,4,0,0.0,779.625,0.041666666666666664,0,1,1,0,0,0,1,0,0,1,0,0,1,0,0,0,0,0,1,0
36,0,3,3,3,3,2,3692,1,0,12,3,0,2,2,10,0.0,284.0,0.8461538461538461,1,0,1,0,0,0,0,0,1,1,0,0,0,0,0,1,0,0,1,0
48,0,2,2,4,4,2,2559,5,0,11,3,0,4,2,0,0.0,319.875,0.125,0,1,1,0,0,0,0,0,1,1,0,1,0,0,0,0,0,0,0,1
27,0,4,2,1,3,3,2517,1,0,11,2,3,2,3,3,0.0,419.5,0.8333333333333334,0,1,1,0,1,0,0,0,0,1,0,0,0,0,0,1,0,0,0,0
29,0,7,3,3,3,4,6623,1,1,11,2,2,2,3,0,0.14285714285714285,946.1428571428571,0.8571428571428571,0,1,1,0,1,0,0,0,0,1,0,0,0,0,0,0,0,0,0,0
48,0,1,3,4,2,4,18265,6,0,12,3,0,3,4,0,0.0,702.5,0.038461538461538464,0,1,1,0,1,0,0,0,0,1,0,0,0,0,1,0,0,0,0,1
29,0,1,3,4,2,4,16124,3,0,14,2,2,2,2,7,0.125,1612.4,0.7,0,1,1,0,1,0,0,0,0,0,0,0,0,0,1,0,0,0,0,0
34,0,20,3,3,4,3,2585,0,0,17,4,0,5,2,0,0.0,861.6666666666666,0.3333333333333333,0,1,1,0,0,0,0,0,1,0,0,0,0,0,0,1,0,0,1,0
44,0,5,3,2,3,2,18213,7,0,11,3,1,5,3,9,0.13043478260869565,674.5555555555555,0.8148148148148148,0,1,0,1,0,1,0,0,0,1,0,0,1,0,0,0,0,0,1,0
33,0,10,5,4,4,3,8380,0,1,14,4,2,3,3,8,0.0,761.8181818181819,0.8181818181818182,0,1,0,1,0,1,0,0,0,1,0,0,0,0,0,0,1,0,0,0
19,0,25,3,2,4,4,2994,1,1,12,4,0,2,3,0,0.0,1497.0,0.5,0,1,1,0,1,0,0,0,0,0,0,0,0,0,0,1,0,0,0,1
23,0,1,2,4,3,3,1223,1,0,22,4,1,2,3,0,0.0,611.5,0.5,0,1,1,0,1,0,0,0,0,1,0,0,0,0,0,1,0,0,1,0
25,1,24,1,3,1,4,1118,1,1,14,4,0,4,3,0,0.5,559.0,0.5,1,0,0,1,1,0,0,0,0,1,0,0,0,0,0,0,0,1,0,1
26,0,4,2,3,3,4,2875,1,1,20,2,0,2,2,5,0.2222222222222222,319.44444444444446,0.8888888888888888,0,1,1,0,1,0,0,0,0,1,0,0,0,0,0,1,0,0,0,1
45,1,2,3,1,1,2,18824,2,1,16,1,0,2,3,10,0.04,697.1851851851852,0.8888888888888888,0,1,0,1,0,1,0,0,0,0,0,0,1,0,0,0,0,0,0,1
55,0,8,1,4,2,2,13577,1,1,15,4,1,3,3,9,0.4411764705882353,387.9142857142857,0.9428571428571428,0,0,1,0,0,0,1,0,0,1,0,0,0,0,0,0,0,0,0,0
21,1,10,2,1,2,3,2625,1,0,20,3,0,2,1,2,0.6666666666666666,875.0,0.6666666666666666,1,0,1,0,1,0,0,0,0,0,0,1,0,0,0,0,0,0,0,1
46,0,4,2,4,2,2,18789,2,0,14,3,1,2,3,4,0.0,695.8888888888889,0.4074074074074074,0,1,0,1,0,1,0,0,0,0,0,0,1,0,0,0,0,0,1,0
34,0,2,3,3,3,1,4538,0,1,12,4,0,3,3,2,0.0,907.6,0.6,0,1,0,1,0,1,0,0,0,0,0,0,0,0,0,0,1,0,0,1
51,0,9,3,4,3,2,19847,4,1,24,1,1,5,2,10,0.36666666666666664,620.21875,0.90625,1,0,0,1,1,0,0,0,0,1,0,0,1,0,0,0,0,0,0,0
59,0,18,4,4,3,4,10512,6,0,12,4,0,6,2,7,0.5,404.3076923076923,0.34615384615384615,0,1,1,0,0,0,1,0,0,1,0,0,0,1,0,0,0,0,0,1
34,0,19,3,3,3,2,4444,4,0,13,3,2,2,4,8,0.4166666666666667,277.75,0.6875,1,0,1,0,0,0,1,0,0,0,0,1,0,0,0,0,0,0,0,0
28,0,1,4,4,3,3,2154,0,1,11,3,0,2,2,2,0.0,359.0,0.6666666666666666,1,0,1,0,0,0,1,0,0,1,0,1,0,0,0,0,0,0,0,1
44,0,4,2,3,4,1,19190,1,0,14,4,2,4,2,9,0.5384615384615384,710.7407407407408,0.9259259259259259,0,1,1,0,1,0,0,0,0,1,0,0,1,0,0,0,0,0,0,0
34,0,11,3,3,2,2,4490,4,0,11,4,2,5,4,9,0.09090909090909091,299.3333333333333,0.6666666666666666,1,0,0,0,1,0,0,0,0,1,1,0,0,0,0,0,0,0,1,0
35,0,6,1,3,3,3,3506,0,1,14,4,0,3,3,2,0.5,701.2,0.6,0,1,1,0,1,0,0,0,0,1,0,0,0,0,0,1,0,0,1,0
42,0,7,4,2,4,2,2372,6,1,16,4,0,2,3,0,0.0,124.84210526315789,0.05263157894736842,0,1,1,0,0,0,1,0,0,0,0,0,0,0,0,1,0,0,1,0
43,0,4,4,4,2,4,10231,3,0,14,4,0,3,4,7,0.6818181818181818,426.2916666666667,0.875,0,1,0,1,0,1,0,0,0,0,0,0,0,0,0,0,1,0,0,1
36,0,2,4,3,3,2,5410,9,1,11,4,0,2,3,14,0.29411764705882354,284.7368421052632,0.8421052631578947,0,1,1,0,1,0,0,0,0,0,0,0,0,1,0,0,0,0,0,1
44,1,15,3,1,3,4,7978,1,0,11,4,1,2,3,7,0.0,725.2727272727273,0.9090909090909091,0,1,1,0,0,0,1,0,0,0,0,0,0,0,0,0,0,0,1,0
28,0,2,3,4,2,4,3867,1,1,12,2,1,2,3,2,0.6666666666666666,1289.0,0.6666666666666666,1,0,1,0,1,0,0,0,0,1,0,1,0,0,0,0,0,0,1,0
51,0,6,2,2,2,3,2838,0,0,14,2,0,6,2,0,0.875,315.3333333333333,0.7777777777777778,1,0,1,0,0,0,1,0,0,0,0,1,0,0,0,0,0,0,0,1
30,0,9,2,3,3,3,4695,7,1,18,3,0,3,3,4,0.1111111111111111,426.8181818181818,0.7272727272727273,0,0,1,0,0,0,1,0,0,0,0,0,0,1,0,0,0,0,0,1
29,1,7,3,2,3,3,3339,3,1,13,1,2,2,3,7,0.875,303.54545454545456,0.6363636363636364,0,1,1,0,0,0,0,0,1,0,0,1,0,0,0,0,0,0,0,0
28,0,1,3,4,3,1,2080,2,0,11,2,0,2,2,2,0.25,346.6666666666667,0.5,0,1,1,0,0,0,0,0,1,1,0,0,0,0,0,1,0,0,0,1
25,0,1,3,4,3,2,2096,1,0,18,4,0,3,2,2,0.6666666666666666,698.6666666666666,0.6666666666666666,0,1,1,0,0,0,1,0,0,0,0,0,0,0,0,1,0,0,0,1
32,0,8,3,3,4,4,6209,1,0,15,3,2,4,4,7,0.0,564.4545454545455,0.9090909090909091,0,1,0,1,0,0,1,0,0,1,0,0,0,0,0,0,1,0,1,0
45,0,25,3,2,3,2,18061,3,0,22,3,0,4,3,0,0.0,785.2608695652174,0.0,1,0,1,0,0,0,1,0,0,0,0,0,1,0,0,0,0,0,0,1
39,0,13,4,3,2,2,17123,6,1,13,4,2,4,3,9,0.75,778.3181818181819,0.8636363636363636,0,1,1,0,0,0,1,0,0,0,0,0,1,0,0,0,0,0,0,0
58,0,23,4,1,3,3,2372,1,0,12,4,2,3,3,2,0.6666666666666666,790.6666666666666,0.6666666666666666,0,1,1,0,1,0,0,0,0,1,0,0,0,0,0,1,0,0,0,0
32,1,7,2,4,3,3,4883,1,0,18,1,1,3,3,4,0.09090909090909091,443.90909090909093,0.9090909090909091,0,1,1,0,1,0,0,0,0,1,0,1,0,0,0,0,0,0,1,0
39,1,23,3,3,3,1,3904,0,0,13,1,0,2,3,2,0.0,557.7142857142857,0.7142857142857143,0,1,1,0,0,0,1,0,0,1,0,0,0,0,0,1,0,0,0,1
30,0,6,3,1,2,4,4627,0,0,12,1,1,6,3,2,0.6,420.6363636363636,0.8181818181818182,0,1,1,0,0,0,0,0,1,0,0,1,0,0,0,0,0,0,1,0
36,0,10,4,4,3,3,7094,3,0,12,1,0,0,3,7,0.125,644.9090909090909,0.6363636363636364,0,1,1,0,0,0,0,0,1,0,0,0,0,0,0,0,0,0,1,0
46,0,1,2,4,3,1,3423,6,0,12,3,0,3,4,6,0.625,311.1818181818182,0.6363636363636364,0,1,0,0,1,0,0,0,0,0,1,0,0,0,0,0,0,0,0,1
28,0,1,3,3,1,4,6674,0,0,11,1,3,6,3,8,0.7,606.7272727272727,0.8181818181818182,0,0,1,0,1,0,0,0,0,0,0,1,0,0,0,0,0,0,1,0
50,0,28,3,4,3,1,16880,4,1,11,2,0,2,3,2,0.25,649.2307692307693,0.11538461538461539,0,1,1,0,1,0,0,0,0,0,0,0,0,0,1,0,0,0,1,0
40,1,25,4,4,2,2,9094,2,1,12,3,0,2,3,4,0.16666666666666666,909.4,0.5,0,1,0,1,0,1,0,0,0,1,0,0,0,0,0,0,1,0,0,1
52,1,5,3,2,3,2,8446,9,1,19,3,0,2,2,7,0.7777777777777778,767.8181818181819,0.7272727272727273,0,1,0,1,1,0,0,0,0,1,0,0,0,0,0,0,1,0,0,1
30,0,17,4,2,3,1,11916,1,1,23,4,2,2,3,1,0.0,1191.6,0.9,0,1,1,0,0,0,1,0,0,0,0,0,1,0,0,0,0,0,1,0
39,0,18,2,1,3,3,4534,0,0,11,1,0,6,3,7,0.1111111111111111,453.4,0.8,0,1,1,0,1,0,0,0,0,1,0,0,0,1,0,0,0,0,0,1
31,0,2,4,4,3,3,9852,1,1,19,1,1,5,2,8,0.8181818181818182,895.6363636363636,0.9090909090909091,0,0,0,1,1,0,0,0,0,0,0,0,0,0,0,0,1,0,0,0
41,0,10,2,3,1,2,6151,1,0,13,1,0,4,3,2,0.55,307.55,0.95,0,0,0,1,0,0,1,0,0,1,0,0,0,0,0,0,1,0,0,1
31,1,1,3,4,3,2,2302,1,1,11,1,0,2,4,2,0.5,575.5,0.75,1,0,0,1,1,0,0,0,0,0,0,0,0,0,0,0,0,1,0,1
44,1,3,3,1,3,1,2362,4,0,12,3,0,4,4,2,0.25,214.72727272727272,0.2727272727272727,0,1,1,0,1,0,0,0,0,1,0,1,0,0,0,0,0,0,1,0
42,0,2,1,3,3,3,17861,0,1,13,4,0,3,2,8,0.09523809523809523,811.8636363636364,0.9090909090909091,0,0,1,0,1,0,0,0,0,1,0,0,1,0,0,0,0,0,1,0
55,0,2,2,4,1,3,19187,4,0,14,4,1,5,3,9,0.45,799.4583333333334,0.7916666666666666,0,1,1,0,0,0,1,0,0,0,0,0,1,0,0,0,0,0,1,0
56,0,8,4,4,3,2,19717,6,0,14,1,0,4,3,3,0.875,532.8918918918919,0.1891891891891892,0,1,0,0,1,0,0,0,0,1,0,0,1,0,0,0,0,0,0,1
40,0,16,2,3,3,3,3544,9,0,16,2,1,0,3,2,0.0,506.2857142857143,0.5714285714285714,0,0,1,0,1,0,0,0,0,1,0,0,0,0,0,1,0,0,0,0
34,0,9,3,4,3,4,8500,0,0,11,4,1,0,2,7,0.1,772.7272727272727,0.8181818181818182,0,1,1,0,1,0,0,0,0,1,0,0,0,0,0,0,0,0,0,0
40,0,2,3,3,3,4,4661,1,0,13,3,0,4,3,8,0.8,466.1,0.9,0,1,1,0,1,0,0,0,0,1,0,0,0,0,0,1,0,0,0,1
41,0,1,3,3,3,1,4103,0,0,17,4,1,2,3,3,0.1,373.0,0.8181818181818182,1,0,0,1,0,1,0,0,0,0,0,0,0,0,0,0,1,0,0,0
35,0,4,4,3,3,3,4249,1,1,11,2,0,3,3,6,0.1,424.9,0.9,1,0,1,0,1,0,0,0,0,1,0,0,0,0,0,1,0,0,0,1
51,0,5,3,3,3,2,14026,1,1,11,2,1,2,3,9,0.0,412.52941176470586,0.9705882352941176,0,1,0,0,1,0,0,0,0,1,0,0,1,0,0,0,0,0,0,0
38,0,2,2,2,3,1,6893,3,0,15,4,1,3,3,7,0.125,574.4166666666666,0.5833333333333334,0,1,0,1,1,0,0,0,0,0,0,0,0,0,0,0,1,0,0,0
34,0,15,2,3,3,1,6125,1,0,12,4,0,6,4,8,0.8181818181818182,556.8181818181819,0.9090909090909091,0,1,0,1,0,0,1,0,0,0,0,0,0,0,0,0,1,0,0,1
25,0,19,1,4,3,4,3669,3,0,11,3,3,6,2,2,0.25,458.625,0.375,0,1,1,0,0,0,1,0,0,1,0,1,0,0,0,0,0,0,1,0
58,1,7,4,3,2,1,10008,7,1,14,4,0,0,2,9,0.45454545454545453,312.75,0.3125,0,1,1,0,0,0,1,0,0,0,0,0,0,1,0,0,0,0,1,0
40,0,1,4,2,3,2,2387,3,0,22,3,1,3,3,2,0.0,298.375,0.5,0,1,1,0,1,0,0,0,0,1,0,1,0,0,0,0,0,0,1,0
36,0,7,3,1,4,1,4639,2,0,16,4,1,2,2,7,0.375,257.72222222222223,0.8333333333333334,1,0,0,1,0,1,0,0,0,0,0,0,0,0,0,0,1,0,1,0
48,0,4,3,4,3,4,7898,1,0,11,3,0,2,3,9,0.0,658.1666666666666,0.8333333333333334,0,1,1,0,1,0,0,0,0,1,0,0,0,1,0,0,0,0,0,1
27,0,11,3,3,4,4,2534,8,0,14,2,1,4,3,0,0.0,422.3333333333333,0.16666666666666666,0,1,0,1,0,0,1,0,0,0,0,0,0,0,0,0,0,1,1,0
51,0,11,2,4,2,2,13142,3,0,16,2,0,1,2,2,0.0,438.06666666666666,0.16666666666666666,0,1,1,0,0,0,0,0,1,0,0,0,0,1,0,0,0,0,0,1
18,0,1,3,4,3,4,1611,1,0,15,3,0,5,4,0,0.0,1611.0,0.0,0,0,1,0,1,0,0,0,0,0,0,1,0,0,0,0,0,0,0,1
35,0,1,3,4,2,4,5363,0,0,12,2,1,0,3,7,0.0,487.54545454545456,0.8181818181818182,0,1,1,0,0,0,1,0,0,0,0,1,0,0,0,0,0,0,1,0
27,0,2,1,4,1,4,5071,3,0,20,2,0,3,3,2,0.0,563.4444444444445,0.6666666666666666,1,0,0,1,1,0,0,0,0,1,0,0,0,0,0,0,1,0,0,1
55,1,13,4,1,4,3,13695,6,1,17,3,0,2,2,7,0.15,547.8,0.76,0,1,0,1,0,1,0,0,0,1,0,0,0,0,0,0,1,0,0,1
56,0,23,3,4,3,2,13402,4,1,12,1,1,0,3,16,0.75,394.1764705882353,0.5588235294117647,0,1,1,0,1,0,0,0,0,1,0,0,0,1,0,0,0,0,1,0
34,0,26,1,1,2,3,2029,1,0,20,3,3,2,3,4,0.0,338.1666666666667,0.8333333333333334,0,0,1,0,0,0,0,0,1,0,0,0,0,0,0,1,0,0,0,0
40,0,2,1,2,4,3,6377,5,0,20,2,3,0,3,11,0.8461538461538461,398.5625,0.75,0,1,1,0,0,0,1,0,0,0,0,0,0,0,0,0,0,0,0,0
34,0,29,3,2,3,3,5429,4,0,13,1,2,1,3,7,0.7777777777777778,493.54545454545456,0.7272727272727273,0,1,1,0,0,0,1,0,0,1,0,1,0,0,0,0,0,0,1,0
31,1,2,3,3,2,4,2785,7,0,14,3,0,3,4,0,0.0,696.25,0.25,1,0,0,1,1,0,0,0,0,0,0,0,0,0,0,0,0,1,0,1
35,1,18,4,4,3,3,4614,0,1,18,3,1,0,2,2,0.6,769.0,0.6666666666666666,1,0,0,1,0,1,0,0,0,0,0,0,0,0,0,0,1,0,1,0
38,0,7,3,4,4,3,2610,1,0,11,4,3,2,3,2,0.0,522.0,0.8,1,0,1,0,1,0,0,0,0,1,0,0,0,0,0,1,0,0,0,0
34,0,2,4,3,3,4,6687,1,0,11,4,0,2,4,11,0.26666666666666666,445.8,0.9333333333333333,0,1,1,0,0,0,0,0,1,0,0,0,0,0,0,0,0,0,0,1
28,0,26,3,3,2,1,4724,1,0,11,3,1,0,3,3,0.0,787.3333333333334,0.8333333333333334,0,1,0,1,1,0,0,0,0,1,0,0,0,0,0,0,1,0,1,0
31,1,22,4,4,3,3,6179,1,1,15,4,2,3,2,2,0.5454545454545454,561.7272727272727,0.9090909090909091,0,1,1,0,0,0,1,0,0,1,0,0,0,1,0,0,0,0,1,0
39,0,21,4,1,2,4,6120,3,1,12,4,2,2,4,4,0.16666666666666666,680.0,0.5555555555555556,0,1,0,1,1,0,0,0,0,1,0,0,0,0,0,0,1,0,1,0
51,0,2,3,2,3,2,10596,2,0,11,2,0,5,3,2,0.6,706.4,0.26666666666666666,1,0,0,1,0,1,0,0,0,1,0,0,0,0,0,0,1,0,1,0
41,0,22,3,4,3,4,5467,3,1,14,1,2,4,2,2,0.42857142857142855,420.53846153846155,0.46153846153846156,1,0,1,0,1,0,0,0,0,0,0,0,0,0,0,1,0,0,0,0
37,0,4,1,3,3,3,2996,7,1,15,4,0,2,3,4,0.14285714285714285,332.8888888888889,0.6666666666666666,0,1,1,0,1,0,0,0,0,1,0,0,0,0,0,1,0,0,1,0
33,0,5,1,2,3,4,9998,6,0,13,1,0,2,4,4,0.16666666666666666,1110.888888888889,0.5555555555555556,1,0,0,1,1,0,0,0,0,1,0,0,0,0,0,0,1,0,1,0
32,0,2,1,3,3,2,4078,0,1,13,1,3,3,2,2,0.25,815.6,0.6,0,1,0,1,0,1,0,0,0,1,0,0,0,0,0,0,1,0,1,0
39,0,25,2,3,3,3,10920,3,0,21,2,1,2,3,4,0.0,780.0,0.42857142857142855,0,0,1,0,1,0,0,0,0,1,0,0,0,0,0,0,0,0,1,0
25,0,18,1,1,4,3,6232,2,0,11,2,0,3,2,2,0.25,890.2857142857143,0.42857142857142855,0,1,0,1,1,0,0,0,0,1,0,0,0,0,0,0,1,0,1,0
52,0,28,2,4,4,3,13247,2,1,11,2,1,3,2,3,0.0,529.88,0.2,1,0,1,0,0,0,1,0,0,0,0,0,0,1,0,0,0,0,1,0
43,0,6,3,1,2,3,4081,1,1,14,1,0,3,1,7,0.047619047619047616,194.33333333333334,0.9523809523809523,0,1,1,0,0,0,1,0,0,0,0,0,0,0,0,1,0,0,0,1
27,0,10,3,4,2,4,5769,1,1,11,4,0,3,3,2,0.5714285714285714,824.1428571428571,0.8571428571428571,0,1,0,1,0,1,0,0,0,0,0,0,0,0,0,0,1,0,1,0
27,1,17,4,4,3,3,2394,1,1,13,4,0,2,3,2,0.7777777777777778,266.0,0.8888888888888888,0,1,1,0,1,0,0,0,0,0,0,0,0,0,0,1,0,0,0,1
26,0,2,1,1,2,4,3904,0,0,12,4,0,2,3,3,0.2,650.6666666666666,0.6666666666666666,0,1,1,0,0,0,1,0,0,1,0,0,0,0,0,1,0,0,0,1
42,0,10,3,3,3,1,16799,0,0,14,3,1,5,3,7,0.0,763.5909090909091,0.9090909090909091,0,1,0,0,0,0,0,0,0,0,0,0,1,0,0,0,0,0,1,0
52,0,8,4,3,3,1,2950,9,0,13,3,0,2,1,4,0.0,226.92307692307693,0.38461538461538464,0,1,1,0,0,0,0,1,0,0,0,1,0,0,0,0,0,0,1,0
37,0,11,3,1,3,3,3629,4,0,18,1,0,6,3,2,0.0,403.22222222222223,0.3333333333333333,0,1,1,0,0,0,1,0,0,0,0,1,0,0,0,0,0,0,0,1
35,0,18,2,3,3,4,9362,2,0,11,3,0,2,3,2,0.6666666666666666,851.0909090909091,0.18181818181818182,1,0,1,0,1,0,0,0,0,1,0,0,0,1,0,0,0,0,0,1
25,0,1,3,1,3,4,3229,4,0,11,2,1,2,2,2,0.0,403.625,0.375,0,1,1,0,0,0,0,0,1,1,0,1,0,0,0,0,0,0,1,0
26,0,7,3,3,4,1,3578,0,0,12,4,0,2,3,7,0.0,397.55555555555554,0.7777777777777778,0,1,1,0,0,0,0,1,0,1,0,1,0,0,0,0,0,0,0,1
29,0,17,3,2,2,1,7988,1,0,13,1,0,3,2,9,0.0,726.1818181818181,0.9090909090909091,0,1,0,0,0,0,0,1,0,1,1,0,0,0,0,0,0,0,0,1
49,1,28,2,1,2,1,4284,3,0,20,1,0,2,3,3,0.2,204.0,0.19047619047619047,1,0,1,0,1,0,0,0,0,1,0,1,0,0,0,0,0,0,0,1
29,1,14,1,3,3,4,7553,0,1,12,1,0,1,3,7,0.7777777777777778,755.3,0.8,1,0,1,0,0,0,0,1,0,0,0,0,0,0,0,0,0,0,0,1
54,0,1,3,4,3,4,17328,6,0,19,4,0,3,2,7,0.5714285714285714,577.6,0.6666666666666666,0,1,1,0,0,0,1,0,0,0,0,0,0,0,1,0,0,0,0,1
58,0,1,3,4,3,1,19701,3,1,21,3,1,3,3,8,0.1,597.0,0.2727272727272727,0,1,1,0,0,0,1,0,0,0,0,0,0,0,1,0,0,0,1,0
55,0,1,4,2,4,4,14732,2,0,13,4,2,4,4,7,0.0,460.375,0.21875,0,1,1,0,0,0,1,0,0,1,0,0,0,0,1,0,0,0,0,0
36,0,3,4,1,3,2,9278,3,1,16,4,0,3,3,4,0.0,579.875,0.3125,0,1,0,1,0,1,0,0,0,0,0,0,0,0,0,0,1,0,0,1
31,1,1,4,2,1,3,1359,1,0,12,2,0,3,3,0,0.0,679.5,0.5,1,0,0,1,1,0,0,0,0,0,0,0,0,0,0,0,0,1,0,1
30,0,7,4,4,3,1,4779,7,0,14,2,2,3,3,2,0.0,531.0,0.3333333333333333,0,1,0,1,0,1,0,0,0,0,0,0,0,0,0,0,1,0,0,0
31,0,8,5,1,3,2,16422,3,0,11,3,0,3,4,2,0.25,1642.2,0.3,0,1,1,0,1,0,0,0,0,0,0,0,0,0,1,0,0,0,0,1
34,0,1,4,4,3,1,2996,5,0,14,3,2,2,3,3,0.2,272.3636363636364,0.36363636363636365,1,0,1,0,0,0,0,1,0,1,0,0,0,0,0,1,0,0,0,0
31,1,8,3,1,2,2,1261,1,0,12,3,0,3,4,0,0.0,630.5,0.5,0,1,1,0,1,0,0,0,0,0,0,0,0,0,0,1,0,0,0,1
27,0,11,1,2,3,1,2099,0,0,14,2,0,3,4,0,0.16666666666666666,299.85714285714283,0.7142857142857143,0,1,1,0,1,0,0,0,0,1,0,1,0,0,0,0,0,0,1,0
36,0,4,4,1,2,4,5810,1,0,16,3,0,2,2,4,0.09090909090909091,528.1818181818181,0.9090909090909091,0,1,1,0,1,0,0,0,0,1,0,1,0,0,0,0,0,0,0,1
36,0,16,4,3,2,1,5647,4,0,13,1,2,3,2,2,0.0,470.5833333333333,0.25,0,1,0,1,0,1,0,0,0,0,0,0,0,0,0,0,1,0,1,0
47,0,1,3,1,3,4,3420,7,0,12,3,1,2,2,5,0.14285714285714285,190.0,0.3333333333333333,0,1,1,0,0,0,0,0,1,1,0,0,0,0,0,1,0,0,1,0
25,1,9,2,1,2,1,4400,3,0,12,1,0,2,3,2,0.5,628.5714285714286,0.42857142857142855,0,1,0,1,1,0,0,0,0,1,0,0,0,0,0,0,0,1,1,0
37,0,5,2,3,4,3,3500,0,0,14,1,0,2,1,5,0.14285714285714285,437.5,0.75,0,0,1,0,0,0,0,0,1,1,0,1,0,0,0,0,0,0,0,1
56,0,1,2,1,3,1,2066,2,0,22,4,1,3,4,2,0.25,344.3333333333333,0.5,0,1,1,0,1,0,0,0,0,0,0,0,0,0,0,1,0,0,1,0
47,0,2,4,1,3,3,17169,3,0,19,2,2,2,4,17,0.23809523809523808,635.8888888888889,0.7407407407407407,0,1,1,0,0,0,1,0,0,0,0,0,0,0,1,0,0,0,1,0
24,0,4,1,4,3,3,4162,1,1,12,3,2,3,3,4,0.0,693.6666666666666,0.8333333333333334,0,1,0,1,0,0,1,0,0,0,0,0,0,0,0,0,1,0,1,0
32,0,7,5,4,3,4,9204,4,0,12,3,1,3,2,3,0.0,1150.5,0.5,0,1,0,1,0,1,0,0,0,1,0,0,0,0,0,0,1,0,1,0
34,0,1,3,4,2,2,3294,5,0,17,1,1,2,2,4,0.0,411.75,0.625,0,1,1,0,1,0,0,0,0,0,0,1,0,0,0,0,0,0,1,0
41,0,5,5,2,4,3,2127,2,1,12,1,0,5,2,2,0.0,265.875,0.5,0,1,1,0,0,0,1,0,0,1,0,0,0,0,0,1,0,0,1,0
40,0,9,4,3,3,3,3975,3,0,11,3,2,2,4,7,0.0,331.25,0.6666666666666666,0,0,1,0,0,0,0,1,0,1,0,1,0,0,0,0,0,0,0,0
31,0,8,2,1,3,4,10793,1,0,18,1,1,5,3,7,0.6428571428571429,770.9285714285714,0.9285714285714286,0,1,0,1,1,0,0,0,0,1,0,0,0,0,0,0,1,0,0,0
46,1,9,3,1,3,4,10096,4,0,11,1,1,1,4,7,0.5,348.13793103448273,0.2413793103448276,0,1,0,1,0,1,0,0,0,1,0,0,0,0,0,0,1,0,0,0
39,1,2,3,1,2,1,3646,2,1,23,2,0,2,4,0,0.0,303.8333333333333,0.08333333333333333,0,0,1,0,1,0,0,0,0,0,0,1,0,0,0,0,0,0,0,1
31,1,1,5,3,4,2,7446,1,0,11,1,0,2,3,8,0.36363636363636365,676.9090909090909,0.9090909090909091,1,0,1,0,1,0,0,0,0,0,0,0,0,1,0,0,0,0,0,1
45,0,20,3,2,1,1,10851,2,1,18,2,1,2,3,7,0.0,434.04,0.28,0,1,1,0,0,0,1,0,0,1,0,0,0,0,0,0,0,0,0,0
31,0,8,2,4,4,2,2109,9,0,18,4,0,3,3,2,0.0,234.33333333333334,0.3333333333333333,0,1,0,0,0,0,1,0,0,0,1,0,0,0,0,0,0,0,0,1
31,1,2,3,2,3,4,3722,6,1,13,3,1,2,1,2,0.6666666666666666,465.25,0.25,1,0,1,0,1,0,0,0,0,1,0,1,0,0,0,0,0,0,1,0
45,0,29,3,2,3,4,9380,4,1,18,4,2,4,4,1,0.25,852.7272727272727,0.2727272727272727,0,1,1,0,0,0,0,0,1,1,0,0,0,1,0,0,0,0,1,0
48,0,7,3,3,3,1,5486,4,0,11,1,3,3,3,2,0.6666666666666666,342.875,0.125,0,1,0,1,0,1,0,0,0,1,0,0,0,0,0,0,1,0,0,0
34,1,9,4,1,3,3,2742,1,0,15,4,0,0,3,2,0.6666666666666666,914.0,0.6666666666666666,0,1,0,0,0,0,0,0,1,0,1,0,0,0,0,0,0,0,1,0
40,0,8,1,4,2,2,13757,2,0,11,3,1,5,3,8,0.4,809.2352941176471,0.5294117647058824,0,0,1,0,0,0,1,0,0,1,0,0,0,0,1,0,0,0,0,0
28,0,5,3,4,3,1,8463,0,0,18,4,0,4,3,4,0.16666666666666666,1209.0,0.7142857142857143,0,1,0,1,0,0,1,0,0,1,0,0,0,0,0,0,1,0,0,1
44,0,5,3,3,2,3,3162,3,0,14,4,0,5,3,2,0.0,395.25,0.625,0,0,1,0,1,0,0,0,0,1,0,1,0,0,0,0,0,0,0,1
53,0,2,3,4,4,2,16598,4,0,12,2,0,2,2,8,0.8,461.05555555555554,0.25,0,1,1,0,0,0,1,0,0,1,0,0,0,0,1,0,0,0,0,1
49,0,5,4,1,3,3,6651,2,0,14,2,1,0,2,2,0.25,316.7142857142857,0.14285714285714285,0,1,1,0,0,0,0,0,1,1,0,0,0,0,0,0,0,0,1,0
40,0,2,3,3,3,3,2345,2,0,14,3,1,3,4,1,0.25,260.55555555555554,0.3333333333333333,0,1,1,0,0,0,1,0,0,1,0,0,0,0,0,1,0,0,0,0
44,0,20,3,4,3,2,3420,1,0,13,3,0,3,2,2,0.16666666666666666,488.57142857142856,0.7142857142857143,0,1,1,0,1,0,0,0,0,1,0,0,0,0,0,1,0,0,0,1
33,0,7,3,4,3,1,4373,0,0,14,1,2,2,3,3,0.0,728.8333333333334,0.6666666666666666,1,0,0,1,0,0,1,0,0,1,0,0,0,0,0,0,1,0,1,0
34,0,3,3,4,1,1,4759,3,0,18,4,0,2,3,9,0.21428571428571427,297.4375,0.8125,0,1,0,1,0,0,0,1,0,1,0,0,0,0,0,0,1,0,0,1
30,0,16,1,4,3,3,5301,8,0,15,3,2,2,2,1,0.6666666666666666,1060.2,0.4,0,1,0,1,1,0,0,0,0,1,0,0,0,0,0,0,1,0,1,0
42,0,9,2,1,3,4,3673,1,0,13,3,0,3,3,9,0.38461538461538464,282.53846153846155,0.9230769230769231,1,0,1,0,0,0,1,0,0,0,0,1,0,0,0,0,0,0,0,1
44,0,1,5,1,3,3,4768,7,0,12,3,1,4,2,0,0.0,397.3333333333333,0.08333333333333333,1,0,0,1,0,1,0,0,0,0,0,0,0,0,0,0,1,0,1,0
30,0,7,3,3,3,3,1274,1,0,13,2,2,2,2,0,0.0,637.0,0.5,0,0,1,0,0,0,0,0,1,1,0,0,0,0,0,1,0,0,0,0
57,0,1,2,2,4,3,4900,0,0,24,1,1,2,2,9,0.15384615384615385,350.0,0.8571428571428571,0,1,1,0,1,0,0,0,0,1,0,0,0,0,0,1,0,0,1,0
49,0,7,4,3,3,2,10466,3,0,14,2,2,3,3,7,0.0,348.8666666666667,0.26666666666666666,0,1,1,0,1,0,0,0,0,1,0,0,0,0,0,0,0,0,0,0
34,0,15,3,2,3,1,17007,7,0,14,4,2,3,2,8,0.4,1000.4117647058823,0.8235294117647058,1,0,1,0,0,0,1,0,0,1,0,0,0,0,1,0,0,0,0,0
28,1,1,3,1,3,3,2909,3,0,15,4,1,3,4,2,0.25,484.8333333333333,0.5,1,0,0,1,0,0,0,0,1,1,0,0,0,0,0,0,0,1,1,0
29,1,13,3,1,3,2,5765,5,0,11,1,0,4,1,3,0.0,720.625,0.625,1,0,0,1,0,0,0,0,1,0,0,0,0,0,0,0,1,0,0,1
34,1,24,4,1,2,2,4599,0,1,23,3,0,2,4,9,0.625,270.52941176470586,0.8823529411764706,0,1,0,1,0,0,1,0,0,0,0,0,0,0,0,0,1,0,0,1
35,0,7,1,4,3,3,2404,1,0,13,1,1,3,3,0,0.0,1202.0,0.5,0,1,0,1,1,0,0,0,0,1,0,0,0,0,0,0,0,1,1,0
24,1,9,3,2,3,1,3172,2,1,11,3,0,2,2,0,0.0,634.4,0.0,1,0,1,0,0,0,1,0,0,1,0,1,0,0,0,0,0,0,0,1
24,0,13,2,4,3,2,2033,1,0,13,3,1,2,3,0,0.0,1016.5,0.5,0,0,0,1,1,0,0,0,0,0,0,0,0,0,0,0,0,1,1,0
44,0,2,1,2,3,3,10209,5,1,18,2,0,2,2,2,0.6666666666666666,600.5294117647059,0.11764705882352941,1,0,1,0,0,0,1,0,0,1,0,0,0,1,0,0,0,0,0,1
29,0,19,3,3,2,3,8620,1,0,14,3,2,3,3,7,0.0,783.6363636363636,0.9090909090909091,0,1,0,1,1,0,0,0,0,1,0,0,0,0,0,0,1,0,0,0
30,0,1,3,3,3,3,2064,0,0,21,1,1,3,4,3,0.16666666666666666,294.85714285714283,0.7142857142857143,0,1,0,0,1,0,0,0,0,1,1,0,0,0,0,0,0,0,0,0
55,0,4,4,4,3,3,4035,0,1,16,2,0,2,3,2,0.25,807.0,0.6,0,1,1,0,1,0,0,0,0,1,0,0,0,0,0,0,0,0,1,0
33,0,4,4,1,2,2,3838,8,0,11,4,0,5,3,4,0.0,426.44444444444446,0.5555555555555556,0,1,1,0,0,0,1,0,0,0,0,1,0,0,0,0,0,0,1,0
47,0,14,3,3,3,3,4591,3,1,17,3,1,4,2,4,0.16666666666666666,382.5833333333333,0.4166666666666667,0,1,0,1,0,0,1,0,0,0,0,0,0,0,0,0,1,0,1,0
28,1,2,2,3,2,1,2561,7,0,11,3,0,2,2,0,0.0,284.55555555555554,0.0,1,0,1,0,0,0,1,0,0,1,0,1,0,0,0,0,0,0,0,1
28,0,1,3,1,2,3,1563,1,0,14,4,1,2,1,0,0.0,781.5,0.5,0,1,1,0,1,0,0,0,0,1,0,0,0,0,0,1,0,0,0,0
28,0,7,3,3,3,1,4898,0,0,14,4,0,5,3,2,0.2,816.3333333333334,0.6666666666666666,1,0,0,1,1,0,0,0,0,1,0,0,0,0,0,0,1,0,0,1
49,0,3,2,3,2,1,4789,4,0,25,1,1,3,3,2,0.25,435.3636363636364,0.2727272727272727,0,1,1,0,0,0,1,0,0,0,0,1,0,0,0,0,0,0,1,0
29,0,2,1,4,3,2,3180,0,0,13,3,3,3,3,2,0.0,636.0,0.6,1,0,1,0,1,0,0,0,0,0,0,1,0,0,0,0,0,0,1,0
28,0,29,1,3,1,2,6549,1,0,14,2,2,2,2,6,0.1111111111111111,727.6666666666666,0.8888888888888888,0,1,1,0,1,0,0,0,0,1,0,0,0,1,0,0,0,0,1,0
33,0,8,5,4,3,3,6388,2,1,17,1,0,6,3,0,0.0,425.8666666666667,0.0,0,1,1,0,1,0,0,0,0,1,0,0,0,0,0,0,0,0,0,1
32,0,10,3,3,3,4,11244,2,0,25,2,0,5,4,2,0.0,1022.1818181818181,0.45454545454545453,0,1,1,0,0,0,1,0,0,1,0,0,1,0,0,0,0,0,0,1
54,0,11,4,2,3,4,16032,3,0,20,1,1,2,3,9,0.06666666666666667,593.7777777777778,0.5185185185185185,1,0,1,0,0,0,1,0,0,0,0,0,1,0,0,0,0,0,0,0
29,1,1,4,1,2,1,2362,6,0,13,3,0,2,1,7,0.0,196.83333333333334,0.75,0,1,1,0,0,0,0,0,1,1,0,0,0,0,0,1,0,0,0,1
44,0,28,3,4,3,1,16328,3,0,13,3,1,1,4,6,0.6666666666666666,653.12,0.8,0,1,1,0,1,0,0,0,0,1,0,0,0,0,1,0,0,0,1,0
39,0,6,3,2,3,2,8376,4,0,18,4,0,3,3,0,0.6666666666666666,837.6,0.2,0,1,1,0,1,0,0,0,0,0,0,0,0,1,0,0,0,0,0,1
46,0,3,3,3,3,2,16606,8,0,12,4,1,2,4,12,0.35714285714285715,691.9166666666666,0.5416666666666666,0,1,0,1,1,0,0,0,0,0,0,0,1,0,0,0,0,0,1,0
35,0,16,3,4,2,2,8606,1,0,19,4,0,3,1,8,0.25,717.1666666666666,0.9166666666666666,0,1,1,0,1,0,0,0,0,0,0,0,0,0,0,0,0,0,0,1
23,0,20,1,1,3,3,2272,0,0,14,2,0,2,3,3,0.2,378.6666666666667,0.6666666666666666,0,1,1,0,1,0,0,0,0,1,0,1,0,0,0,0,0,0,0,1
40,1,9,4,4,3,1,2018,3,0,14,2,0,3,1,4,0.16666666666666666,126.125,0.3125,0,1,1,0,1,0,0,0,0,1,0,1,0,0,0,0,0,0,0,1
34,0,1,3,4,2,3,7083,1,1,14,4,0,3,3,9,0.7272727272727273,643.9090909090909,0.9090909090909091,0,1,0,1,0,0,0,0,1,1,0,0,0,0,0,0,1,0,1,0
31,1,3,3,4,3,3,4084,1,0,12,1,0,2,1,2,0.875,510.5,0.875,1,0,1,0,1,0,0,0,0,0,0,0,0,0,0,1,0,0,0,1
50,0,22,5,3,1,4,14411,1,1,13,4,0,2,3,6,0.3939393939393939,436.6969696969697,0.9696969696969697,1,0,1,0,0,0,1,0,0,1,0,0,0,0,1,0,0,0,0,1
34,0,7,2,2,3,3,2308,0,1,25,2,1,4,3,10,0.4166666666666667,177.53846153846155,0.8461538461538461,0,1,0,1,0,0,0,0,1,1,0,0,0,0,0,0,0,1,1,0
42,0,2,3,3,2,2,4841,4,0,14,2,1,3,3,0,0.0,968.2,0.2,0,1,1,0,0,0,1,0,0,1,0,1,0,0,0,0,0,0,1,0
37,0,13,3,1,3,4,4285,1,0,17,1,0,2,3,8,0.2727272727272727,389.54545454545456,0.9090909090909091,0,1,1,0,0,0,1,0,0,1,0,0,0,0,0,1,0,0,1,0
29,0,8,1,3,1,1,9715,3,0,13,3,1,3,3,7,0.0,971.5,0.7,0,1,1,0,0,0,0,1,0,0,0,0,0,0,0,0,0,0,1,0
33,0,25,3,4,2,2,4320,1,0,13,4,0,2,3,3,0.0,720.0,0.8333333333333334,0,1,1,0,1,0,0,0,0,1,0,0,0,1,0,0,0,0,0,1
45,0,28,3,4,3,4,2132,4,0,20,4,1,3,3,4,0.0,236.88888888888889,0.5555555555555556,0,1,1,0,0,0,0,0,1,1,0,0,0,0,0,1,0,0,1,0
42,0,2,3,4,3,4,10124,2,1,14,3,1,3,1,8,0.6190476190476191,404.96,0.8,1,0,1,0,1,0,0,0,0,1,0,0,0,0,0,0,0,0,1,0
40,0,9,2,1,3,1,5473,0,0,12,4,0,5,4,4,0.7777777777777778,547.3,0.8,0,1,0,1,0,0,1,0,0,1,0,0,0,0,0,0,1,0,1,0
33,0,28,4,2,3,3,5207,1,1,12,2,1,3,3,14,0.3125,325.4375,0.9375,0,1,1,0,1,0,0,0,0,1,0,1,0,0,0,0,0,0,1,0
40,0,6,2,3,3,4,16437,1,1,21,4,0,2,3,7,0.3181818181818182,747.1363636363636,0.9545454545454546,0,1,0,0,0,0,1,0,0,1,0,0,1,0,0,0,0,0,0,1
24,0,21,2,3,2,1,2296,0,0,14,2,3,3,3,1,0.0,765.3333333333334,0.3333333333333333,0,1,1,0,0,0,0,0,1,1,0,1,0,0,0,0,0,0,0,0
40,0,8,2,4,3,4,4069,3,1,18,3,0,2,3,2,0.6666666666666666,452.1111111111111,0.2222222222222222,0,0,1,0,1,0,0,0,0,1,0,0,0,0,0,0,0,0,0,0
45,0,1,4,1,3,2,7441,1,0,12,1,3,4,3,8,0.6363636363636364,676.4545454545455,0.9090909090909091,0,1,1,0,0,0,0,0,1,1,0,0,0,0,0,0,0,0,0,0
35,0,28,4,2,2,3,2430,0,0,23,1,2,5,3,3,0.6666666666666666,347.14285714285717,0.7142857142857143,0,1,0,1,1,0,0,0,0,0,0,0,0,0,0,0,0,1,1,0
32,0,5,2,4,2,2,5878,3,0,12,1,1,2,3,1,0.25,452.15384615384613,0.5384615384615384,0,1,1,0,1,0,0,0,0,0,0,0,0,0,0,1,0,0,1,0
36,0,2,4,3,3,4,2644,3,1,21,4,0,3,2,2,0.25,330.5,0.375,0,1,0,1,1,0,0,0,0,1,0,0,0,0,0,0,0,1,0,1
48,0,16,4,3,3,3,6439,8,0,14,3,1,2,3,7,0.7777777777777778,338.89473684210526,0.42105263157894735,0,1,0,1,1,0,0,0,0,0,0,0,0,0,0,0,1,0,0,0
29,0,9,3,3,4,3,2451,6,0,18,1,2,2,2,0,0.0,408.5,0.16666666666666666,0,1,1,0,1,0,0,0,0,1,0,0,0,0,0,1,0,0,1,0
33,0,8,4,1,3,1,6392,2,0,13,4,1,6,1,2,0.6666666666666666,710.2222222222222,0.2222222222222222,0,1,0,1,1,0,0,0,0,1,0,0,0,0,0,0,1,0,1,0
30,1,1,3,2,2,1,9714,1,0,11,4,1,4,3,8,0.5454545454545454,883.0909090909091,0.9090909090909091,0,1,0,1,1,0,0,0,0,1,0,0,0,0,0,0,1,0,1,0
38,0,10,4,3,3,3,6077,3,0,11,3,0,2,3,3,0.14285714285714285,552.4545454545455,0.5454545454545454,1,0,0,0,0,0,0,0,0,1,1,0,0,0,0,0,0,0,1,0
35,0,1,3,4,2,1,2450,1,0,19,2,0,3,3,0,0.25,612.5,0.75,0,1,1,0,0,0,1,0,0,1,0,1,0,0,0,0,0,0,0,1
30,0,29,4,3,3,2,9250,3,0,12,2,1,3,3,2,0.2,925.0,0.4,0,1,0,1,0,0,0,0,1,1,0,0,0,0,0,0,1,0,1,0
35,1,2,3,1,3,1,2074,1,1,12,4,1,2,3,0,0.0,1037.0,0.5,0,1,1,0,1,0,0,0,0,0,0,1,0,0,0,0,0,0,0,0
53,1,2,5,3,2,4,10169,0,0,16,2,1,4,3,7,0.029411764705882353,290.54285714285714,0.9428571428571428,0,1,1,0,0,0,0,0,1,0,0,0,0,1,0,0,0,0,1,0
38,1,2,3,3,3,2,4855,4,0,11,1,2,2,3,2,0.16666666666666666,606.875,0.625,0,1,1,0,0,0,1,0,0,1,0,0,0,1,0,0,0,0,1,0
32,0,1,4,4,3,1,4087,4,0,14,2,1,3,2,5,0.14285714285714285,408.7,0.6,0,0,1,0,0,0,0,0,1,1,0,0,0,0,0,1,0,0,1,0
48,0,15,4,3,3,1,2367,8,0,12,4,1,3,2,2,0.7777777777777778,215.1818181818182,0.7272727272727273,0,1,1,0,0,0,0,1,0,0,0,0,0,0,0,1,0,0,1,0
34,0,7,4,1,3,4,2972,1,0,13,3,0,4,1,0,0.0,1486.0,0.5,0,1,1,0,0,0,1,0,0,1,0,0,0,0,0,1,0,0,0,1
55,0,26,5,3,2,4,19586,1,0,21,3,1,3,3,6,0.05405405405405406,529.3513513513514,0.972972972972973,0,1,0,1,0,1,0,0,0,1,0,0,1,0,0,0,0,0,1,0
34,0,1,4,2,3,4,5484,9,0,17,2,1,3,2,2,0.6666666666666666,548.4,0.2,0,1,1,0,1,0,0,0,0,1,0,0,0,0,0,1,0,0,1,0
26,0,3,3,1,3,4,2061,1,0,21,1,0,5,3,0,0.0,1030.5,0.5,0,1,1,0,1,0,0,0,0,0,0,0,0,0,0,1,0,0,1,0
38,0,14,3,3,3,2,9924,0,0,11,4,1,3,3,8,0.7,902.1818181818181,0.8181818181818182,0,1,0,1,1,0,0,0,0,1,0,0,0,0,0,0,1,0,1,0
38,0,16,3,2,3,2,4198,2,0,12,2,0,5,4,2,0.25,466.44444444444446,0.3333333333333333,0,1,0,1,1,0,0,0,0,0,0,0,0,0,0,0,1,0,0,1
36,0,1,4,2,3,3,6815,6,0,13,1,0,5,3,0,0.0,425.9375,0.0625,0,1,0,1,1,0,0,0,0,0,0,0,0,0,0,0,1,0,0,1
29,0,3,1,2,3,1,4723,1,1,18,4,0,3,3,9,0.09090909090909091,429.3636363636364,0.9090909090909091,0,1,1,0,0,0,1,0,0,1,0,1,0,0,0,0,0,0,0,1
35,0,10,4,1,3,3,6142,3,1,16,3,0,4,3,2,0.0,558.3636363636364,0.45454545454545453,0,1,1,0,0,0,1,0,0,0,0,0,0,0,0,0,0,0,0,1
39,0,6,3,4,4,3,8237,2,0,11,1,1,3,3,6,0.875,686.4166666666666,0.5833333333333334,0,1,0,1,0,0,1,0,0,1,0,0,0,0,0,0,1,0,1,0
29,0,2,1,1,3,4,8853,1,0,19,4,1,0,4,4,0.14285714285714285,1264.7142857142858,0.8571428571428571,1,0,1,0,1,0,0,0,0,1,0,0,0,0,0,0,0,0,0,0
50,0,9,3,3,3,3,19331,4,1,16,3,1,2,3,0,0.0,690.3928571428571,0.03571428571428571,0,1,0,1,0,1,0,0,0,1,0,0,1,0,0,0,0,0,1,0
23,0,10,3,4,4,3,2073,2,0,16,4,1,2,3,2,0.6666666666666666,414.6,0.4,0,1,1,0,0,0,0,0,1,1,0,0,0,0,0,1,0,0,1,0
36,0,6,4,1,4,1,5562,3,1,13,4,1,3,3,2,0.0,556.2,0.3,1,0,1,0,1,0,0,0,0,1,0,1,0,0,0,0,0,0,1,0
42,0,9,2,4,2,4,19613,8,0,22,4,0,2,3,0,0.0,784.52,0.04,0,1,1,0,0,0,0,1,0,1,0,0,1,0,0,0,0,0,0,1
35,0,28,3,2,4,3,3407,1,0,17,4,2,3,2,9,0.5454545454545454,309.72727272727275,0.9090909090909091,0,1,1,0,1,0,0,0,0,1,0,1,0,0,0,0,0,0,1,0
34,0,10,4,4,2,3,5063,1,0,14,2,1,3,2,2,0.7777777777777778,562.5555555555555,0.8888888888888888,1,0,1,0,0,0,0,0,1,1,0,0,0,0,0,0,0,0,1,0
40,0,14,2,4,3,1,4639,1,0,15,3,1,2,3,4,0.16666666666666666,773.1666666666666,0.8333333333333334,0,1,0,1,1,0,0,0,0,0,0,0,0,0,0,0,1,0,1,0
43,0,27,3,4,4,2,4876,5,0,12,3,1,0,3,4,0.0,541.7777777777778,0.6666666666666666,0,1,1,0,0,0,0,0,1,1,0,1,0,0,0,0,0,0,0,0
35,0,7,2,3,2,4,2690,1,0,18,4,1,5,2,0,0.0,1345.0,0.5,0,1,1,0,1,0,0,0,0,1,0,1,0,0,0,0,0,0,1,0
46,0,1,4,4,4,1,17567,1,0,15,2,0,5,1,0,0.0,627.3928571428571,0.9285714285714286,0,1,0,1,1,0,0,0,0,1,0,0,1,0,0,0,0,0,0,1
28,1,24,3,3,3,2,2408,1,1,17,3,3,3,3,1,0.0,1204.0,0.5,0,1,1,0,0,0,1,0,0,1,0,1,0,0,0,0,0,0,1,0
22,0,26,2,2,2,3,2814,1,1,14,2,0,2,2,2,0.2,562.8,0.8,0,0,1,0,0,0,0,1,0,0,0,0,0,0,0,1,0,0,1,0
50,0,20,5,2,3,3,11245,2,1,15,3,1,3,3,8,0.3870967741935484,340.75757575757575,0.9090909090909091,1,0,1,0,0,0,1,0,0,1,0,0,0,0,0,0,0,0,1,0
32,0,5,4,2,4,4,3312,3,0,17,4,2,3,3,2,0.0,473.14285714285717,0.42857142857142855,0,1,1,0,0,0,0,1,0,0,0,0,0,0,0,1,0,0,1,0
44,0,7,3,2,3,4,19049,0,1,14,4,1,4,2,7,0.043478260869565216,793.7083333333334,0.9166666666666666,0,1,1,0,0,0,1,0,0,0,0,0,0,0,1,0,0,0,0,0
30,0,7,3,2,2,2,2141,1,0,12,2,1,3,2,4,0.14285714285714285,305.85714285714283,0.8571428571428571,0,1,1,0,0,0,1,0,0,1,0,0,0,0,0,1,0,0,1,0
45,0,5,5,3,1,1,5769,1,1,14,1,0,3,3,7,0.09090909090909091,524.4545454545455,0.9090909090909091,0,1,1,0,0,0,1,0,0,0,0,1,0,0,0,0,0,0,0,1
45,0,26,3,1,2,1,4385,1,0,15,1,1,2,3,7,0.36363636363636365,398.6363636363636,0.9090909090909091,0,0,0,1,0,1,0,0,0,1,0,0,0,0,0,0,1,0,1,0
31,0,2,4,4,3,1,5332,7,0,13,4,0,3,3,2,0.0,484.72727272727275,0.45454545454545453,1,0,0,1,0,0,0,1,0,1,0,0,0,0,0,0,1,0,0,1
36,0,12,4,3,3,3,4663,9,1,12,2,2,2,3,2,0.25,582.875,0.375,0,1,1,0,1,0,0,0,0,0,0,0,0,1,0,0,0,0,1,0
34,0,10,4,3,4,4,4724,1,0,13,1,1,3,3,7,0.7,472.4,0.9,1,0,1,0,1,0,0,0,0,1,0,0,0,1,0,0,0,0,0,0
49,0,25,4,3,3,1,3211,1,0,14,4,1,3,2,6,0.1,291.90909090909093,0.8181818181818182,0,1,1,0,1,0,0,0,0,0,0,1,0,0,0,0,0,0,1,0
39,0,10,5,2,3,1,5377,2,0,13,4,3,3,3,7,0.875,488.8181818181818,0.6363636363636364,0,1,1,0,0,0,1,0,0,1,0,0,0,1,0,0,0,0,1,0
27,0,19,3,4,2,1,4066,1,0,11,1,2,3,3,7,0.0,508.25,0.875,0,1,1,0,0,0,0,1,0,1,0,1,0,0,0,0,0,0,0,0
35,0,18,5,2,4,1,5208,1,0,11,4,0,2,3,15,0.058823529411764705,306.3529411764706,0.9411764705882353,0,1,1,0,1,0,0,0,0,1,0,0,0,0,0,1,0,0,1,0
28,0,27,3,2,1,1,4877,0,0,21,2,1,5,2,3,0.0,696.7142857142857,0.7142857142857143,0,1,1,0,0,0,1,0,0,0,0,0,0,1,0,0,0,0,0,0
21,0,5,1,3,3,4,3117,1,0,18,3,0,2,3,2,0.6666666666666666,779.25,0.5,0,1,1,0,0,0,1,0,0,1,0,0,0,0,0,1,0,0,0,1
18,1,3,2,2,3,4,1569,1,1,12,3,0,2,4,0,0.0,1569.0,0.0,1,0,0,1,0,0,1,0,0,0,0,0,0,0,0,0,0,1,0,1
47,0,26,4,4,3,3,19658,3,0,11,3,1,2,3,2,0.16666666666666666,702.0714285714286,0.17857142857142858,0,1,0,0,1,0,0,0,0,0,0,0,1,0,0,0,0,0,1,0
39,0,3,2,3,2,3,3069,0,0,15,4,1,3,3,8,0.0,255.75,0.8333333333333334,0,1,1,0,0,0,1,0,0,1,0,1,0,0,0,0,0,0,0,0
40,0,15,3,1,2,3,10435,1,0,13,4,2,2,3,15,0.7368421052631579,549.2105263157895,0.9473684210526315,0,1,1,0,1,0,0,0,0,0,0,0,0,1,0,0,0,0,1,0
35,0,8,4,3,3,3,4148,1,0,12,4,1,5,3,11,0.13333333333333333,259.25,0.875,0,0,1,0,1,0,0,0,0,0,0,0,0,0,0,0,0,0,1,0
37,0,19,3,3,3,3,5768,3,0,17,1,3,2,2,3,0.0,576.8,0.4,0,1,1,0,1,0,0,0,0,1,0,0,0,1,0,0,0,0,1,0
39,0,4,3,1,3,3,5042,0,0,13,4,0,2,1,2,0.3,458.3636363636364,0.8181818181818182,1,0,1,0,0,0,1,0,0,0,0,0,0,1,0,0,0,0,0,1
45,0,2,2,4,2,4,5770,1,0,19,1,2,3,3,7,0.2727272727272727,524.5454545454545,0.9090909090909091,0,1,1,0,0,0,0,1,0,0,0,0,0,1,0,0,0,0,0,0
38,0,2,2,4,2,3,7756,3,1,19,4,1,6,4,4,0.0,705.0909090909091,0.45454545454545453,0,1,1,0,0,0,1,0,0,0,0,0,0,1,0,0,0,0,1,0
35,1,10,3,4,2,1,10306,9,0,17,3,0,3,3,12,0.42857142857142855,644.125,0.8125,0,1,0,1,0,0,1,0,0,1,0,0,0,0,0,0,1,0,1,0
37,0,10,3,2,3,2,3936,1,0,11,1,1,2,1,4,0.7777777777777778,437.3333333333333,0.8888888888888888,0,1,1,0,0,0,1,0,0,0,0,0,0,0,0,1,0,0,1,0
40,0,16,3,3,3,4,7945,6,1,15,4,0,2,2,2,0.6,418.1578947368421,0.21052631578947367,0,1,1,0,1,0,0,0,0,0,0,0,0,1,0,0,0,0,0,1
44,0,1,5,1,3,4,5743,4,1,11,3,0,3,3,7,0.0,382.8666666666667,0.6666666666666666,1,0,0,0,0,0,0,0,0,1,1,0,0,0,0,0,0,0,1,0
48,0,4,5,3,2,4,15202,2,0,25,2,1,3,3,2,0.6666666666666666,633.4166666666666,0.08333333333333333,1,0,1,0,0,0,1,0,0,1,0,0,1,0,0,0,0,0,1,0
35,1,15,2,1,1,4,5440,6,1,14,4,2,2,2,2,0.6666666666666666,680.0,0.25,0,1,0,1,0,0,1,0,0,1,0,0,0,0,0,0,1,0,0,0
24,0,2,1,1,3,4,3760,1,1,13,3,0,2,3,3,0.14285714285714285,537.1428571428571,0.8571428571428571,1,0,1,0,0,0,0,0,1,0,0,0,0,0,0,1,0,0,0,1
27,0,8,3,2,4,3,3517,7,0,17,1,0,0,3,2,0.0,586.1666666666666,0.5,0,1,1,0,0,0,1,0,0,0,0,0,0,0,0,1,0,0,1,0
27,0,2,3,4,3,4,2580,2,0,13,3,0,0,2,2,0.2,368.57142857142856,0.5714285714285714,1,0,1,0,0,0,1,0,0,1,0,0,0,0,0,1,0,0,0,1
40,1,7,3,1,3,1,2166,3,1,14,2,0,3,1,2,0.0,196.9090909090909,0.36363636363636365,0,1,1,0,1,0,0,0,0,1,0,1,0,0,0,0,0,0,0,1
29,0,10,3,3,2,3,5869,9,0,11,3,0,2,3,2,0.16666666666666666,652.1111111111111,0.5555555555555556,0,1,0,1,0,0,1,0,0,1,0,0,0,0,0,0,1,0,0,1
36,0,5,4,2,3,1,8008,4,0,12,3,2,6,3,2,0.0,800.8,0.3,0,1,1,0,1,0,0,0,0,0,0,0,0,0,0,0,0,0,1,0
25,0,2,1,4,4,3,5206,1,0,17,3,2,6,3,7,0.0,650.75,0.875,1,0,1,0,1,0,0,0,0,1,0,0,0,1,0,0,0,0,0,0
39,0,12,3,4,3,2,5295,4,0,21,3,0,3,3,4,0.16666666666666666,661.875,0.625,0,1,1,0,0,0,1,0,0,1,0,0,0,1,0,0,0,0,1,0
49,0,22,4,1,3,2,16413,3,0,16,2,2,2,3,2,0.2,586.1785714285714,0.14285714285714285,0,1,1,0,0,0,0,1,0,0,0,0,0,0,1,0,0,0,1,0
50,0,17,5,4,2,1,13269,5,0,15,3,3,3,3,11,0.06666666666666667,663.45,0.7,0,1,1,0,1,0,0,0,0,0,0,0,0,0,1,0,0,0,0,0
20,0,2,3,3,3,3,2783,1,0,19,1,0,3,3,2,0.6666666666666666,927.6666666666666,0.6666666666666666,0,1,0,1,0,0,1,0,0,0,0,0,0,0,0,0,0,1,0,1
34,0,3,3,4,3,2,5433,1,0,12,3,1,2,3,8,0.5833333333333334,452.75,0.9166666666666666,0,1,1,0,1,0,0,0,0,0,0,0,0,0,0,1,0,0,0,0
36,0,7,3,1,3,2,2013,2,0,11,3,0,4,3,3,0.2,125.8125,0.25,0,1,1,0,1,0,0,0,0,1,0,1,0,0,0,0,0,0,0,1
49,0,6,1,3,2,3,13966,2,1,19,2,1,3,3,11,0.125,450.51612903225805,0.4838709677419355,0,1,1,0,1,0,0,0,0,0,0,0,0,0,0,0,0,0,1,0
36,0,1,4,4,2,3,4374,0,0,15,3,0,6,3,2,0.25,874.8,0.6,0,0,1,0,0,0,1,0,0,0,0,0,0,1,0,0,0,0,1,0
36,0,3,2,4,4,1,6842,6,0,20,1,1,3,3,4,0.0,488.7142857142857,0.35714285714285715,0,1,1,0,1,0,0,0,0,1,0,0,0,0,0,0,0,0,0,0
54,0,22,5,2,3,3,17426,3,0,25,3,1,6,3,8,0.36363636363636365,470.97297297297297,0.2702702702702703,0,1,1,0,0,0,1,0,0,0,0,0,1,0,0,0,0,0,1,0
43,0,15,2,3,2,3,17603,1,0,24,1,1,3,3,10,0.4,1173.5333333333333,0.9333333333333333,0,1,1,0,1,0,0,0,0,1,0,0,0,0,1,0,0,0,1,0
35,1,12,4,4,3,4,4581,3,1,24,1,0,2,4,9,0.5,327.2142857142857,0.7857142857142857,1,0,0,1,0,0,0,1,0,1,0,0,0,0,0,0,1,0,0,1
38,0,1,3,4,3,4,4735,7,0,15,4,2,4,4,11,0.14285714285714285,236.75,0.65,1,0,1,0,1,0,0,0,0,1,0,0,0,0,0,1,0,0,1,0
29,0,5,3,1,2,2,4187,1,1,13,2,1,3,2,0,0.0,380.6363636363636,0.9090909090909091,0,1,0,1,0,0,1,0,0,1,0,0,0,0,0,0,1,0,0,0
33,0,2,4,4,3,4,5505,1,0,14,3,2,5,3,2,0.0,786.4285714285714,0.8571428571428571,0,1,0,1,0,0,1,0,0,1,0,0,0,0,0,0,1,0,0,0
32,0,2,3,4,3,2,5470,0,0,13,3,2,4,2,5,0.1,497.27272727272725,0.8181818181818182,0,1,1,0,0,0,1,0,0,1,0,0,0,0,0,1,0,0,0,0
31,0,5,4,1,3,4,5476,1,0,11,1,2,2,3,0,0.0,497.8181818181818,0.9090909090909091,0,1,0,1,1,0,0,0,0,0,0,0,0,0,0,0,1,0,1,0
49,0,16,3,4,3,1,2587,4,1,16,2,1,2,2,2,0.6666666666666666,143.72222222222223,0.1111111111111111,0,1,1,0,0,0,1,0,0,0,0,1,0,0,0,0,0,0,0,0
38,0,2,3,4,2,2,2440,1,0,22,2,0,3,3,3,0.6,488.0,0.8,1,0,1,0,0,0,1,0,0,0,0,1,0,0,0,0,0,0,0,1
47,0,2,4,2,4,2,15972,6,0,14,3,3,2,3,2,0.25,532.4,0.1,0,1,0,1,1,0,0,0,0,0,0,0,1,0,0,0,0,0,0,0
49,0,1,3,3,3,3,15379,4,0,14,1,0,2,3,7,0.0,640.7916666666666,0.3333333333333333,0,1,1,0,1,0,0,0,0,1,0,0,1,0,0,0,0,0,0,1
41,0,23,2,4,3,3,7082,3,1,16,4,0,2,3,0,0.0,321.90909090909093,0.09090909090909091,0,1,0,1,1,0,0,0,0,1,0,0,0,0,0,0,1,0,0,1
20,0,9,1,4,3,1,2728,1,0,11,1,0,3,3,2,0.0,909.3333333333334,0.6666666666666666,0,1,0,1,1,0,0,0,0,1,0,0,0,0,0,0,0,1,0,1
33,0,16,3,3,3,4,5368,1,1,25,3,1,2,3,5,0.14285714285714285,671.0,0.75,0,0,0,1,1,0,0,0,0,0,0,0,0,0,0,0,1,0,0,0
36,0,26,4,1,3,3,5347,6,0,14,2,2,2,2,2,0.0,486.09090909090907,0.2727272727272727,0,1,1,0,1,0,0,0,0,1,0,0,0,0,0,0,0,0,1,0
44,0,1,3,3,3,4,3195,4,1,18,1,3,2,3,2,0.6666666666666666,355.0,0.2222222222222222,0,1,0,0,1,0,0,0,0,0,1,0,0,0,0,0,0,0,0,0
23,1,8,1,4,2,3,3989,1,1,11,1,0,2,3,4,0.16666666666666666,664.8333333333334,0.8333333333333334,0,1,1,0,0,0,1,0,0,1,0,1,0,0,0,0,0,0,0,1
38,0,4,2,4,3,3,3306,7,0,19,4,1,5,2,0,0.0,413.25,0.0,0,1,1,0,0,0,1,0,0,0,0,1,0,0,0,0,0,0,1,0
53,0,24,4,2,4,4,7005,3,0,15,3,0,2,3,3,0.2,583.75,0.3333333333333333,0,1,1,0,0,0,1,0,0,1,0,0,0,0,0,0,0,0,1,0
48,1,7,2,4,3,3,2655,2,1,11,3,2,3,3,7,0.7,132.75,0.45,1,0,0,1,0,0,1,0,0,0,0,0,0,0,0,0,0,1,1,0
32,1,2,4,4,3,2,1393,1,0,12,1,0,2,3,0,0.0,696.5,0.5,0,1,1,0,1,0,0,0,0,1,0,1,0,0,0,0,0,0,0,1
26,0,7,3,4,3,4,2570,1,0,20,3,0,5,3,7,0.625,321.25,0.875,0,0,1,0,0,0,1,0,0,1,0,1,0,0,0,0,0,0,0,1
55,0,22,3,1,2,2,3537,5,0,12,4,1,1,3,2,0.2,393.0,0.4444444444444444,0,1,1,0,0,0,0,0,1,1,0,0,0,0,0,1,0,0,0,0
34,0,5,2,2,2,4,3986,1,0,14,3,1,3,4,10,0.25,249.125,0.9375,0,1,1,0,0,0,1,0,0,1,0,1,0,0,0,0,0,0,1,0
60,0,1,4,3,1,4,10883,3,0,20,3,1,2,4,0,0.0,544.15,0.05,0,1,1,0,0,0,1,0,0,1,0,0,0,0,0,0,0,0,0,0
33,0,21,3,2,4,2,2028,1,0,18,4,3,6,3,11,0.13333333333333333,135.2,0.9333333333333333,0,1,1,0,0,0,1,0,0,1,0,1,0,0,0,0,0,0,1,0
37,0,1,4,3,1,4,9525,1,0,14,3,2,2,2,3,0.14285714285714285,1360.7142857142858,0.8571428571428571,1,0,0,1,0,0,1,0,0,1,0,0,0,0,0,0,1,0,0,0
34,0,19,3,2,2,4,2929,1,0,12,2,0,3,3,9,0.7272727272727273,266.27272727272725,0.9090909090909091,0,1,1,0,1,0,0,0,0,0,0,0,0,0,0,1,0,0,1,0
23,1,7,3,3,3,4,2275,1,1,21,2,1,2,3,2,0.0,568.75,0.75,0,1,0,1,1,0,0,0,0,1,0,0,0,0,0,0,0,1,0,0
44,0,2,3,3,4,4,7879,1,1,19,2,1,2,3,7,0.6666666666666666,787.9,0.8,0,1,1,0,1,0,0,0,0,0,0,0,0,0,0,0,0,0,1,0
35,0,2,4,1,2,4,4930,0,1,14,3,0,2,4,4,0.16666666666666666,704.2857142857143,0.7142857142857143,1,0,1,0,0,0,1,0,0,1,0,0,0,0,0,1,0,0,0,1
43,0,2,3,4,3,4,7847,1,1,17,1,1,3,3,9,0.7272727272727273,713.3636363636364,0.9090909090909091,0,1,0,1,0,0,1,0,0,1,0,0,0,0,0,0,1,0,1,0
24,0,9,3,3,4,3,4401,1,0,16,4,1,1,3,3,0.0,733.5,0.8333333333333334,0,1,1,0,0,0,1,0,0,1,0,0,0,0,0,1,0,0,1,0
41,0,6,3,4,3,3,9241,1,0,12,2,0,3,3,8,0.7272727272727273,840.0909090909091,0.9090909090909091,0,1,0,1,0,1,0,0,0,1,0,0,0,0,0,0,1,0,0,1
29,0,9,4,4,3,3,2974,9,0,17,3,1,2,3,3,0.16666666666666666,297.4,0.5,0,1,1,0,0,0,1,0,0,0,0,1,0,0,0,0,0,0,1,0
36,0,2,4,3,3,4,4502,3,0,15,3,0,2,2,7,0.42857142857142855,250.11111111111111,0.7222222222222222,0,1,0,1,1,0,0,0,0,0,0,0,0,0,0,0,0,1,0,1
45,0,1,1,3,2,3,10748,3,0,23,4,1,3,2,15,0.5833333333333334,413.38461538461536,0.8846153846153846,0,0,1,0,1,0,0,0,0,1,0,0,0,0,0,0,0,0,1,0
24,1,22,1,4,1,3,1555,1,0,11,3,1,2,3,0,0.0,777.5,0.5,0,1,0,0,0,0,0,0,0,1,1,0,0,0,0,0,0,0,1,0
47,1,9,3,3,1,3,12936,7,0,11,3,0,3,1,5,0.5833333333333334,497.53846153846155,0.8846153846153846,1,0,0,1,1,0,0,0,0,1,0,0,0,0,0,0,1,0,1,0
26,0,17,4,4,1,3,2305,1,0,15,3,3,3,4,2,0.0,576.25,0.75,0,1,1,0,0,0,1,0,0,1,0,1,0,0,0,0,0,0,1,0
45,0,28,2,4,2,2,16704,1,0,11,3,0,2,3,6,0.36363636363636365,759.2727272727273,0.9545454545454546,0,1,1,0,0,0,0,0,1,0,0,0,0,0,1,0,0,0,0,1
32,0,10,3,1,3,3,3433,6,0,13,1,1,3,2,2,0.16666666666666666,312.09090909090907,0.45454545454545453,1,0,1,0,1,0,0,0,0,1,0,0,0,0,0,1,0,0,1,0
31,0,2,4,2,3,3,3477,1,0,14,4,1,2,4,2,0.0,496.7142857142857,0.7142857142857143,0,1,1,0,1,0,0,0,0,1,0,1,0,0,0,0,0,0,1,0
41,0,4,3,3,1,2,6430,6,0,19,2,1,4,3,2,0.25,584.5454545454545,0.2727272727272727,0,0,0,0,0,0,0,0,0,1,1,0,0,0,0,0,0,0,1,0
40,0,8,2,2,3,1,6516,2,1,16,2,1,3,3,0,0.0,342.94736842105266,0.05263157894736842,0,1,1,0,1,0,0,0,0,0,0,0,0,1,0,0,0,0,1,0
24,0,29,1,2,3,1,3907,1,0,13,2,3,2,4,2,0.14285714285714285,558.1428571428571,0.8571428571428571,0,1,1,0,0,0,1,0,0,1,0,1,0,0,0,0,0,0,0,0
46,0,13,4,3,3,2,5562,6,0,14,4,0,3,3,7,0.0,278.1,0.5,0,1,1,0,1,0,0,0,0,1,0,0,0,0,0,0,0,0,0,1
35,0,27,4,4,3,3,6883,2,0,16,2,1,3,3,7,0.0,382.3888888888889,0.3888888888888889,0,1,1,0,1,0,0,0,0,1,0,0,0,1,0,0,0,0,1,0
30,0,16,1,2,3,4,2862,1,0,12,2,1,2,2,0,0.0,260.1818181818182,0.9090909090909091,0,1,1,0,1,0,0,0,0,1,0,0,0,0,0,1,0,0,1,0
47,0,2,4,3,3,2,4978,7,0,11,4,1,3,1,0,0.0,995.6,0.2,0,0,0,1,0,1,0,0,0,1,0,0,0,0,0,0,1,0,1,0
46,0,2,3,3,3,4,10368,4,1,12,2,1,5,2,6,0.0,740.5714285714286,0.7142857142857143,0,1,0,1,1,0,0,0,0,1,0,0,0,0,0,0,1,0,0,0
36,1,13,5,2,2,1,6134,5,1,13,2,3,3,3,2,0.6666666666666666,360.8235294117647,0.11764705882352941,0,1,0,1,0,1,0,0,0,1,0,0,0,0,0,0,1,0,0,0
32,1,1,2,1,1,2,6735,6,0,15,2,0,2,3,0,0.0,612.2727272727273,0.0,0,1,0,1,1,0,0,0,0,1,0,0,0,0,0,0,1,0,0,1
23,0,4,1,3,3,2,3295,1,0,13,3,0,3,1,2,0.25,823.75,0.75,0,1,1,0,0,0,1,0,0,0,0,1,0,0,0,0,0,0,0,1
31,0,24,1,4,3,4,5238,2,0,20,4,0,3,2,4,0.16666666666666666,523.8,0.5,1,0,1,0,0,0,0,0,1,0,0,0,0,1,0,0,0,0,0,1
39,0,1,3,4,3,4,6472,1,1,15,4,1,2,3,8,0.5,647.2,0.9,0,0,1,0,1,0,0,0,0,1,0,1,0,0,0,0,0,0,1,0
32,0,19,3,4,1,3,9610,3,0,13,3,1,2,1,3,0.0,873.6363636363636,0.36363636363636365,0,1,0,1,1,0,0,0,0,1,0,0,0,0,0,0,1,0,1,0
40,0,7,4,2,3,2,19833,1,0,14,2,0,3,2,8,0.5454545454545454,901.5,0.9545454545454546,0,1,0,1,0,0,1,0,0,1,0,0,1,0,0,0,0,0,0,1
45,0,4,3,3,1,3,9756,4,0,21,3,2,2,4,0,0.0,975.6,0.5,0,1,0,0,1,0,0,0,0,0,1,0,0,0,0,0,0,0,1,0
30,0,2,4,4,2,1,4968,0,0,16,4,0,2,3,7,0.0,451.6363636363636,0.8181818181818182,1,0,1,0,0,0,0,0,1,0,0,0,0,0,0,1,0,0,0,1
24,0,10,3,1,3,4,2145,0,0,14,4,1,2,3,2,0.6666666666666666,536.25,0.5,1,0,0,0,0,0,1,0,0,1,1,0,0,0,0,0,0,0,1,0
30,1,8,3,3,2,4,2180,6,0,11,3,1,0,2,2,0.2,311.42857142857144,0.5714285714285714,1,0,0,0,0,0,0,0,0,0,1,0,0,0,0,0,0,0,0,0
31,0,5,3,1,3,3,8346,1,0,19,3,1,3,3,2,0.0,1192.2857142857142,0.7142857142857143,0,1,0,1,0,0,0,0,1,1,0,0,0,0,0,0,1,0,1,0
27,0,8,3,3,3,4,3445,1,0,11,3,0,5,2,2,0.14285714285714285,492.14285714285717,0.8571428571428571,0,1,1,0,0,0,1,0,0,0,0,0,0,0,0,1,0,0,0,1
29,1,9,3,2,1,2,2760,1,0,13,3,0,3,3,2,0.6666666666666666,920.0,0.6666666666666666,0,1,0,1,0,1,0,0,0,0,0,0,0,0,0,0,0,1,0,1
29,0,1,3,4,4,3,6294,8,1,12,4,0,5,4,2,0.0,572.1818181818181,0.2727272727272727,1,0,1,0,1,0,0,0,0,1,0,0,0,0,0,0,0,0,0,1
30,0,15,2,3,2,1,7140,2,0,11,1,1,2,3,7,0.125,549.2307692307693,0.5384615384615384,0,1,0,1,0,1,0,0,0,1,0,0,0,0,0,0,1,0,0,0
34,0,2,4,4,4,4,2932,0,1,14,1,3,3,3,0,0.16666666666666666,418.85714285714283,0.7142857142857143,0,1,1,0,0,0,1,0,0,1,0,0,0,0,0,1,0,0,1,0
33,0,2,3,4,3,2,5147,8,0,15,4,0,2,2,7,0.08333333333333333,367.64285714285717,0.7857142857142857,0,0,0,1,0,1,0,0,0,0,0,0,0,0,0,0,1,0,0,1
49,0,11,4,4,3,4,4507,3,0,12,3,0,1,4,1,0.0,500.77777777777777,0.5555555555555556,0,1,0,1,0,1,0,0,0,0,0,0,0,0,0,0,1,0,0,1
33,1,16,3,1,3,1,8564,2,1,20,3,0,2,2,0,0.0,713.6666666666666,0.0,0,1,0,1,1,0,0,0,0,0,0,0,0,0,0,0,1,0,0,1
38,0,2,2,3,2,2,2468,4,0,14,2,1,4,2,1,0.0,246.8,0.6,1,0,1,0,0,0,1,0,0,0,0,1,0,0,0,0,0,0,1,0
31,1,16,4,1,3,3,8161,2,0,13,1,3,2,3,0,0.0,741.9090909090909,0.09090909090909091,0,1,0,1,0,1,0,0,0,1,0,0,0,0,0,0,1,0,1,0
29,0,4,3,4,2,1,2109,1,0,13,3,1,2,3,0,0.0,1054.5,0.5,0,1,1,0,0,0,0,0,1,0,0,0,0,0,0,1,0,0,0,0
30,0,16,3,3,4,3,5294,3,0,16,3,1,3,3,0,0.125,481.27272727272725,0.6363636363636364,0,1,1,0,1,0,0,0,0,1,0,0,0,0,0,0,0,0,1,0
32,0,5,4,2,3,2,2718,2,0,14,2,0,3,3,7,0.0,209.07692307692307,0.5384615384615384,0,0,1,0,0,0,0,0,1,1,0,0,0,0,0,1,0,0,0,1
38,0,18,3,2,1,4,5811,3,1,16,3,1,2,3,0,0.5,363.1875,0.0625,0,1,1,0,0,0,1,0,0,1,0,0,0,0,0,0,0,0,1,0
43,1,17,3,3,2,3,2437,9,1,16,4,1,4,3,0,0.0,348.14285714285717,0.14285714285714285,1,0,1,0,0,0,0,0,1,1,0,0,0,0,0,1,0,0,1,0
42,0,12,3,2,3,2,2766,8,0,22,2,3,6,2,3,0.0,345.75,0.625,0,1,1,0,0,0,1,0,0,1,0,1,0,0,0,0,0,0,0,0
55,0,2,3,3,2,1,19038,8,0,12,2,3,2,3,0,0.0,543.9428571428572,0.02857142857142857,0,1,1,0,0,0,1,0,0,1,0,0,0,0,1,0,0,0,1,0
33,0,4,3,4,3,2,3055,5,0,15,4,2,2,2,8,0.1,254.58333333333334,0.75,0,0,1,0,0,0,0,0,1,1,0,0,0,0,0,1,0,0,0,0
41,0,9,4,3,3,1,2289,1,0,20,2,2,2,3,3,0.0,381.5,0.8333333333333334,0,1,1,0,1,0,0,0,0,1,0,1,0,0,0,0,0,0,0,0
34,0,10,3,4,3,3,4001,1,1,14,3,1,3,3,14,0.0,250.0625,0.9375,0,0,0,1,1,0,0,0,0,1,0,0,0,0,0,0,1,0,0,0
53,0,1,4,1,2,3,12965,4,1,20,4,3,2,2,2,0.0,463.0357142857143,0.10714285714285714,0,0,1,0,0,0,1,0,0,0,0,0,0,1,0,0,0,0,1,0
43,0,2,3,2,3,4,3539,0,0,13,2,0,5,3,7,0.1,321.72727272727275,0.8181818181818182,0,1,0,0,1,0,0,0,0,1,1,0,0,0,0,0,0,0,0,1
34,0,3,2,4,1,4,6029,5,0,12,1,0,3,3,2,0.6666666666666666,861.2857142857143,0.2857142857142857,0,1,0,1,1,0,0,0,0,0,0,0,0,0,0,0,1,0,0,1
21,1,7,1,2,3,2,2679,1,0,13,2,0,3,3,0,0.5,1339.5,0.5,0,1,0,1,0,1,0,0,0,1,0,0,0,0,0,0,0,1,0,1
38,0,6,2,4,2,3,3702,1,0,11,2,1,3,3,4,0.0,617.0,0.8333333333333334,0,1,1,0,0,0,0,1,0,0,0,1,0,0,0,0,0,0,1,0
22,1,8,1,3,3,1,2398,1,1,17,3,0,6,3,0,0.0,1199.0,0.5,0,1,1,0,0,0,1,0,0,0,0,1,0,0,0,0,0,0,1,0
31,0,29,4,1,2,4,5468,1,0,14,1,2,3,3,7,0.38461538461538464,390.57142857142856,0.8571428571428571,0,1,0,1,0,1,0,0,0,0,0,0,0,0,0,0,1,0,1,0
51,0,3,3,1,3,3,13116,2,0,11,4,0,2,3,2,0.6666666666666666,819.75,0.125,0,1,1,0,0,0,0,0,1,0,0,0,1,0,0,0,0,0,1,0
37,0,9,2,2,2,2,4189,1,0,14,1,2,2,3,2,0.0,698.1666666666666,0.8333333333333334,0,1,0,1,0,1,0,0,0,1,0,0,0,0,0,0,1,0,1,0
46,0,2,4,3,3,4,19328,7,1,17,3,1,3,3,1,0.6666666666666666,773.12,0.08,0,1,1,0,0,0,1,0,0,1,0,0,0,0,1,0,0,0,0,0
36,0,10,3,4,3,1,8321,7,1,13,4,1,1,3,8,0.38461538461538464,520.0625,0.75,0,1,1,0,1,0,0,0,0,1,0,0,0,0,0,0,0,0,1,0
44,1,1,2,3,3,2,2342,1,1,12,3,3,2,2,3,0.3333333333333333,334.57142857142856,0.7142857142857143,1,0,1,0,0,0,1,0,0,1,0,0,0,0,0,1,0,0,0,0
37,0,8,2,3,3,2,4071,2,0,13,3,0,4,2,0,0.36363636363636365,203.55,0.5,0,1,0,0,0,0,0,1,0,1,1,0,0,0,0,0,0,0,0,0
35,1,27,3,3,3,4,5813,1,1,18,4,0,2,3,7,0.6363636363636364,528.4545454545455,0.9090909090909091,0,1,0,1,1,0,0,0,0,1,0,0,0,0,0,0,1,0,0,1
33,0,8,4,4,4,1,3143,6,0,19,2,1,1,3,8,0.6363636363636364,209.53333333333333,0.6666666666666666,0,1,1,0,1,0,0,0,0,1,0,0,0,0,0,1,0,0,1,0
28,0,1,3,3,3,4,2044,1,0,11,3,1,6,4,3,0.0,340.6666666666667,0.8333333333333334,0,1,1,0,1,0,0,0,0,1,0,0,0,0,0,1,0,0,1,0
39,0,10,1,3,3,3,13464,7,0,21,3,0,3,3,3,0.4,1346.4,0.4,0,1,1,0,0,0,1,0,0,1,0,0,0,0,1,0,0,0,0,1
46,0,26,2,2,2,2,7991,8,0,15,3,0,3,3,2,0.6666666666666666,1141.5714285714287,0.2857142857142857,0,0,0,1,1,0,0,0,0,1,0,0,0,0,0,0,1,0,0,1
40,0,2,2,3,3,1,3377,4,0,17,4,1,5,2,3,0.0,422.125,0.5,0,1,1,0,1,0,0,0,0,0,0,1,0,0,0,0,0,0,1,0
42,0,13,3,2,4,1,5538,5,0,18,3,2,2,2,0,0.0,503.45454545454544,0.0,0,1,1,0,0,0,1,0,0,1,0,0,0,0,0,0,0,0,1,0
35,0,2,2,2,3,4,5762,2,0,14,3,1,6,3,7,0.125,360.125,0.4375,0,0,1,0,0,0,1,0,0,1,0,0,0,1,0,0,0,0,0,0
38,0,2,3,1,3,2,2592,5,0,13,4,3,3,3,10,0.25,185.14285714285714,0.7857142857142857,0,0,0,0,0,0,0,0,0,1,1,0,0,0,0,0,0,0,0,0
34,1,9,4,4,3,1,5346,4,0,17,3,1,3,2,1,0.0,445.5,0.5833333333333334,1,0,1,0,1,0,0,0,0,1,0,1,0,0,0,0,0,0,1,0
37,1,10,4,4,3,1,4213,1,0,15,2,0,4,1,3,0.0,383.0,0.9090909090909091,0,1,1,0,0,0,1,0,0,1,0,0,0,1,0,0,0,0,0,1
39,0,20,3,3,3,4,4127,2,0,18,4,1,6,3,1,0.6666666666666666,515.875,0.25,1,0,0,1,1,0,0,0,0,1,0,0,0,0,0,0,1,0,0,0
43,0,9,3,1,3,3,2438,4,0,13,3,0,2,2,2,0.25,304.75,0.375,0,0,1,0,1,0,0,0,0,1,0,0,0,0,0,1,0,0,0,1
41,0,5,3,2,4,2,6870,3,0,12,1,0,3,1,2,0.25,572.5,0.25,0,1,1,0,1,0,0,0,0,1,0,0,0,0,0,0,0,0,0,1
41,0,4,1,3,3,3,10447,0,1,13,4,1,3,4,14,0.5652173913043478,435.2916666666667,0.9166666666666666,0,1,0,1,0,1,0,0,0,0,0,0,0,0,0,0,1,0,0,0
30,0,10,3,1,3,3,9667,9,0,14,2,0,3,3,7,0.0,966.7,0.7,0,1,1,0,0,0,1,0,0,0,0,0,0,1,0,0,0,0,0,1
26,1,20,2,4,3,2,2148,0,1,11,3,0,3,3,1,0.16666666666666666,306.85714285714283,0.7142857142857143,0,1,0,0,0,0,1,0,0,0,1,0,0,0,0,0,0,0,1,0
46,1,21,2,4,3,2,8926,4,0,22,4,1,2,4,7,0.3,637.5714285714286,0.6428571428571429,0,1,1,0,0,0,1,0,0,0,0,0,0,0,0,0,0,0,1,0
40,0,1,3,3,3,4,6513,4,0,17,4,1,3,3,3,0.0,501.0,0.38461538461538464,0,1,1,0,1,0,0,0,0,0,0,0,0,0,0,0,0,0,0,0
34,0,8,2,2,4,3,6799,1,0,21,3,2,5,3,8,0.36363636363636365,618.0909090909091,0.9090909090909091,0,1,0,1,0,0,0,0,1,1,0,0,0,0,0,0,1,0,1,0
58,0,2,3,2,3,2,16291,4,0,22,4,1,0,2,9,0.8235294117647058,428.7105263157895,0.42105263157894735,0,0,0,1,0,0,1,0,0,1,0,0,1,0,0,0,0,0,0,0
35,0,23,4,2,1,3,2705,0,0,16,2,1,2,4,4,0.0,386.42857142857144,0.7142857142857143,0,1,1,0,0,0,1,0,0,1,0,1,0,0,0,0,0,0,1,0
47,0,4,3,3,2,2,10333,8,1,12,3,1,4,3,11,0.6086956521739131,356.3103448275862,0.7586206896551724,0,1,1,0,1,0,0,0,0,0,0,0,0,1,0,0,0,0,0,0
40,0,12,3,2,3,1,4448,2,0,12,2,1,3,3,4,0.875,278.0,0.4375,0,1,1,0,1,0,0,0,0,0,0,0,0,0,0,0,0,0,0,0
54,0,7,4,4,3,4,6854,4,0,15,2,1,2,2,1,0.125,456.93333333333334,0.4666666666666667,0,1,1,0,0,0,1,0,0,0,0,0,0,0,0,1,0,0,1,0
31,0,7,4,1,3,1,9637,2,0,14,4,2,3,3,2,0.5,963.7,0.3,1,0,0,1,0,1,0,0,0,0,0,0,0,0,0,0,1,0,1,0
28,0,1,3,3,3,1,3591,1,0,25,3,1,3,3,2,0.25,897.75,0.75,0,1,1,0,0,0,1,0,0,0,0,0,0,0,0,1,0,0,1,0
38,0,2,4,2,1,4,5405,2,1,20,1,2,4,2,2,0.0,257.3809523809524,0.19047619047619047,0,1,0,1,0,1,0,0,0,0,0,0,0,0,0,0,0,1,1,0
26,0,10,3,3,3,4,4684,1,0,13,1,0,4,3,3,0.16666666666666666,780.6666666666666,0.8333333333333334,0,1,0,1,0,0,1,0,0,1,0,0,0,0,0,0,1,0,0,1
58,0,15,4,1,3,3,15787,2,1,14,2,0,3,3,2,0.6666666666666666,657.7916666666666,0.08333333333333333,1,0,1,0,1,0,0,0,0,1,0,0,0,0,1,0,0,0,1,0
18,0,14,3,2,3,3,1514,1,0,16,3,0,4,1,0,0.0,1514.0,0.0,0,0,1,0,0,0,1,0,0,0,0,0,0,0,0,1,0,0,0,1
31,1,18,5,4,4,1,2956,0,0,17,3,0,4,3,0,0.0,985.3333333333334,0.3333333333333333,0,1,0,0,0,0,0,0,0,1,1,0,0,0,0,0,0,0,1,0
29,1,13,3,1,2,1,2335,4,1,15,4,3,3,3,2,0.6666666666666666,467.0,0.4,0,1,0,0,0,0,0,0,0,1,1,0,0,0,0,0,0,0,0,0
45,0,2,4,3,3,3,5154,4,0,22,2,2,3,4,7,0.5555555555555556,468.54545454545456,0.7272727272727273,0,0,0,1,1,0,0,0,0,0,0,0,0,0,0,0,1,0,1,0
36,0,2,4,4,3,2,6962,4,1,22,4,1,2,3,0,0.0,435.125,0.0625,0,1,1,0,0,0,0,1,0,0,0,0,0,0,0,1,0,0,1,0
43,0,2,4,1,3,4,5675,1,0,20,3,1,5,3,7,0.875,709.375,0.875,1,0,0,1,1,0,0,0,0,1,0,0,0,0,0,0,1,0,1,0
27,0,5,2,4,3,4,2379,0,1,14,3,0,3,2,4,0.0,339.85714285714283,0.7142857142857143,1,0,1,0,1,0,0,0,0,0,0,1,0,0,0,0,0,0,0,1
29,0,20,1,4,3,4,3812,1,0,13,2,0,3,4,8,0.25,317.6666666666667,0.9166666666666666,1,0,1,0,0,0,1,0,0,1,0,1,0,0,0,0,0,0,1,0
32,0,10,4,4,3,4,4648,8,0,13,3,0,2,4,0,0.0,929.6,0.0,1,0,0,1,0,1,0,0,0,1,0,0,0,0,0,0,1,0,0,1
42,0,10,4,3,3,3,2936,3,0,22,2,2,1,2,3,0.42857142857142855,266.90909090909093,0.5454545454545454,0,0,1,0,0,0,0,0,1,1,0,0,0,0,0,1,0,0,1,0
47,0,9,4,2,3,3,2105,4,0,12,3,0,2,3,2,0.6666666666666666,263.125,0.25,0,1,1,0,1,0,0,0,0,0,0,1,0,0,0,0,0,0,0,1
46,0,2,2,4,3,4,8578,3,0,14,3,1,4,2,8,0.4,659.8461538461538,0.6923076923076923,0,1,1,0,1,0,0,0,0,1,0,0,0,1,0,0,0,0,0,0
28,0,1,2,3,3,4,2706,1,0,15,2,1,2,3,2,0.5,676.5,0.75,0,0,0,0,1,0,0,0,0,1,1,0,0,0,0,0,0,0,0,0
29,0,29,1,4,1,3,6384,8,0,17,4,2,3,3,0,0.125,532.0,0.5833333333333334,0,1,1,0,1,0,0,0,0,1,0,0,0,0,0,0,0,0,0,0
42,0,8,3,4,3,3,3968,4,0,13,4,0,3,3,0,0.0,440.8888888888889,0.0,0,1,1,0,1,0,0,0,0,1,0,1,0,0,0,0,0,0,0,1
32,1,2,4,3,2,2,9907,7,1,12,3,0,3,2,2,0.6666666666666666,1238.375,0.25,0,1,0,1,0,1,0,0,0,1,0,0,0,0,0,0,1,0,0,1
46,0,3,3,1,4,1,13225,2,0,12,4,1,5,3,17,0.1,508.65384615384613,0.7307692307692307,0,1,0,1,0,0,0,0,1,0,0,0,0,0,0,0,1,0,0,0
27,0,23,1,2,2,3,3540,1,0,21,4,1,5,3,8,0.5,354.0,0.9,0,1,0,1,0,0,1,0,0,0,0,0,0,0,0,0,0,1,1,0
29,0,6,1,4,2,2,2804,1,0,11,4,0,3,3,0,0.0,1402.0,0.5,0,1,0,0,0,0,1,0,0,1,1,0,0,0,0,0,0,0,1,0
43,0,6,3,1,2,3,19392,7,0,13,4,0,2,3,12,0.35294117647058826,881.4545454545455,0.7272727272727273,0,1,1,0,0,0,1,0,0,0,0,0,1,0,0,0,0,0,1,0
48,0,10,3,4,2,2,19665,4,0,12,4,0,3,3,10,0.5217391304347826,655.5,0.7333333333333333,0,1,1,0,1,0,0,0,0,1,0,0,0,0,1,0,0,0,1,0
29,1,24,2,4,2,4,2439,1,1,24,2,0,3,2,0,0.5,1219.5,0.5,1,0,1,0,1,0,0,0,0,1,0,0,0,0,0,1,0,0,0,1
46,1,10,3,3,3,2,7314,5,0,21,3,3,2,3,7,0.0,487.6,0.5333333333333333,0,1,0,1,1,0,0,0,0,0,0,0,0,0,0,0,1,0,1,0
27,0,15,3,4,2,1,4774,0,0,19,4,1,2,2,6,0.875,530.4444444444445,0.7777777777777778,1,0,1,0,1,0,0,0,0,0,0,0,0,0,0,1,0,0,1,0
39,0,19,4,4,3,4,3902,8,0,14,2,3,2,3,2,0.6666666666666666,487.75,0.25,0,1,1,0,0,0,0,1,0,1,0,0,0,0,0,1,0,0,0,0
55,0,2,4,2,2,4,2662,8,0,20,2,1,2,4,2,0.0,133.1,0.25,0,1,1,0,0,0,0,0,1,1,0,0,0,0,0,1,0,0,1,0
28,0,3,3,2,3,2,2856,1,0,19,4,1,3,3,0,0.0,1428.0,0.5,0,1,0,1,0,0,1,0,0,0,0,0,0,0,0,0,0,1,1,0
30,1,9,3,2,3,4,1081,1,0,13,3,0,3,2,0,0.0,540.5,0.5,0,1,0,1,0,0,1,0,0,1,0,0,0,0,0,0,0,1,0,1
22,1,7,1,4,3,2,2472,1,1,23,1,0,2,3,0,0.0,1236.0,0.5,0,1,1,0,1,0,0,0,0,1,0,0,0,0,0,1,0,0,0,1
36,0,10,4,2,2,3,5673,1,1,13,1,1,4,3,9,0.09090909090909091,515.7272727272727,0.9090909090909091,0,1,0,1,0,0,0,0,1,0,0,0,0,0,0,0,1,0,1,0
31,0,20,3,2,3,3,4197,1,0,11,1,1,2,3,8,0.0,381.54545454545456,0.9090909090909091,0,1,1,0,1,0,0,0,0,1,0,1,0,0,0,0,0,0,0,0
34,0,4,3,3,3,4,9713,2,1,13,4,3,3,3,3,0.16666666666666666,971.3,0.5,0,1,0,1,1,0,0,0,0,1,0,0,0,0,0,0,1,0,1,0
29,0,7,3,4,3,1,2062,3,0,14,2,0,2,3,2,0.25,171.83333333333334,0.25,0,1,1,0,1,0,0,0,0,1,0,1,0,0,0,0,0,0,0,1
37,0,7,4,4,3,1,4284,5,1,22,3,1,2,3,3,0.0,252.0,0.29411764705882354,0,1,1,0,0,0,1,0,0,1,0,0,0,0,0,1,0,0,1,0
35,0,16,2,4,2,2,4788,0,1,11,4,0,2,3,2,0.0,957.6,0.6,0,1,1,0,0,0,0,1,0,0,0,0,0,1,0,0,0,0,1,0
45,0,25,2,2,2,4,5906,0,0,13,4,2,2,2,8,0.3,536.9090909090909,0.8181818181818182,0,1,1,0,1,0,0,0,0,0,0,0,0,1,0,0,0,0,1,0
36,0,2,1,2,2,4,3886,1,0,21,4,0,2,2,1,0.0,353.27272727272725,0.9090909090909091,1,0,0,0,0,0,0,0,0,1,1,0,0,0,0,0,0,0,0,1
40,0,1,4,1,3,1,16823,2,0,11,1,1,3,3,7,0.55,731.4347826086956,0.8260869565217391,0,1,1,0,1,0,0,0,0,1,0,0,1,0,0,0,0,0,0,0
26,0,1,2,2,2,3,2933,1,1,13,3,1,3,2,0,0.5,1466.5,0.5,0,1,1,0,1,0,0,0,0,0,0,0,0,0,0,1,0,0,1,0
27,0,2,2,1,4,3,6500,0,0,14,2,0,5,2,7,0.0,650.0,0.8,0,1,0,1,0,0,1,0,0,0,0,0,0,0,0,0,1,0,0,1
48,0,22,3,4,3,4,17174,3,0,11,2,1,3,3,17,0.17391304347826086,686.96,0.88,1,0,1,0,0,0,1,0,0,0,0,0,1,0,0,0,0,0,0,0
44,0,1,4,2,4,1,5033,2,0,15,4,1,5,3,0,0.6666666666666666,457.54545454545456,0.18181818181818182,0,1,1,0,1,0,0,0,0,1,0,0,0,0,0,0,0,0,1,0
34,1,16,4,4,1,1,2307,1,1,23,2,1,2,3,2,0.5,384.5,0.8333333333333334,0,0,1,0,0,0,0,0,1,1,0,0,0,0,0,1,0,0,1,0
56,1,24,2,1,3,4,2587,1,0,16,4,0,3,3,2,0.2,431.1666666666667,0.6666666666666666,0,1,1,0,1,0,0,0,0,1,0,1,0,0,0,0,0,0,0,1
36,0,17,2,3,2,2,5507,2,0,16,3,2,1,1,2,0.2,423.61538461538464,0.3076923076923077,0,1,0,1,0,1,0,0,0,1,0,0,0,0,0,0,1,0,1,0
41,0,8,3,3,3,2,4393,5,0,21,3,1,3,3,4,0.16666666666666666,292.8666666666667,0.3333333333333333,0,1,0,1,0,1,0,0,0,0,0,0,0,0,0,0,1,0,1,0
42,0,6,3,3,3,1,13348,9,0,13,2,1,3,4,7,0.35714285714285715,702.5263157894736,0.6842105263157895,0,1,1,0,0,0,1,0,0,1,0,0,0,0,1,0,0,0,1,0
31,0,10,2,3,3,4,6583,2,1,11,4,1,2,3,2,0.16666666666666666,731.4444444444445,0.5555555555555556,0,1,0,1,0,0,1,0,0,0,0,0,0,0,0,0,1,0,0,0
34,0,3,1,4,2,4,8103,3,1,12,3,0,3,2,2,0.0,810.3,0.4,0,1,0,1,0,0,1,0,0,0,0,0,0,0,0,0,1,0,1,0
31,0,4,3,1,4,3,3978,8,0,12,2,1,0,2,2,0.6666666666666666,795.6,0.4,0,1,1,0,0,0,1,0,0,0,0,1,0,0,0,0,0,0,0,0
26,0,6,3,3,4,4,2544,0,0,18,1,1,3,3,7,0.875,282.6666666666667,0.7777777777777778,1,0,1,0,0,0,0,1,0,1,0,1,0,0,0,0,0,0,1,0
45,0,1,4,2,3,3,5399,4,0,12,3,0,3,3,2,0.0,415.3076923076923,0.3076923076923077,1,0,1,0,0,0,1,0,0,1,0,0,0,0,0,0,0,0,0,1
33,0,10,4,2,3,3,5487,1,0,14,2,0,2,2,4,0.0,498.8181818181818,0.9090909090909091,0,1,0,1,0,1,0,0,0,1,0,0,0,0,0,0,1,0,0,1
28,0,1,2,3,2,4,6834,1,1,12,3,1,2,3,7,0.0,854.25,0.875,1,0,0,1,1,0,0,0,0,1,0,0,0,0,0,0,1,0,1,0
29,1,24,3,3,4,1,1091,1,0,17,4,0,3,3,0,0.0,545.5,0.5,1,0,0,1,0,0,0,0,1,1,0,0,0,0,0,0,0,1,0,1
39,0,21,4,1,1,3,5736,6,0,19,3,1,1,3,2,0.25,521.4545454545455,0.2727272727272727,0,0,0,1,1,0,0,0,0,0,0,0,0,0,0,0,1,0,1,0
27,0,2,4,2,3,2,2226,1,0,11,3,1,3,2,3,0.16666666666666666,318.0,0.7142857142857143,0,1,1,0,0,0,0,0,1,1,0,0,0,0,0,1,0,0,1,0
34,0,22,4,3,2,4,5747,1,1,15,2,0,3,3,10,0.375,338.05882352941177,0.8823529411764706,1,0,1,0,0,0,0,1,0,1,0,0,0,0,0,1,0,0,1,0
28,1,13,2,4,3,3,9854,3,1,11,4,0,0,3,0,0.6666666666666666,1407.7142857142858,0.2857142857142857,0,1,0,1,0,1,0,0,0,0,0,0,0,0,0,0,1,0,0,1
47,0,14,4,3,3,2,5467,8,0,18,3,1,4,4,7,0.1111111111111111,321.5882352941176,0.47058823529411764,0,0,1,0,0,0,0,0,1,1,0,0,0,0,0,1,0,0,1,0
56,0,11,5,4,2,1,5380,4,0,16,3,1,3,3,0,0.0,768.5714285714286,0.0,0,1,0,1,0,1,0,0,0,0,0,0,0,0,0,0,1,0,1,0
39,0,9,2,1,3,1,5151,1,0,25,4,1,3,3,0,0.6363636363636364,468.27272727272725,0.9090909090909091,0,1,1,0,0,0,1,0,0,1,0,0,0,1,0,0,0,0,1,0
38,0,8,3,4,2,2,2133,1,1,16,3,1,3,3,11,0.0,101.57142857142857,0.9523809523809523,1,0,1,0,0,0,1,0,0,0,0,0,0,0,0,1,0,0,0,0
58,0,21,3,4,3,4,17875,4,1,13,3,1,2,2,0,0.0,595.8333333333334,0.03333333333333333,0,1,0,1,1,0,0,0,0,0,0,0,1,0,0,0,0,0,1,0
32,1,5,2,1,4,3,2432,3,1,14,1,0,2,3,1,0.0,270.22222222222223,0.4444444444444444,1,0,1,0,1,0,0,0,0,0,0,0,0,0,0,1,0,0,0,1
38,0,9,2,2,3,4,4771,2,0,19,4,2,0,4,2,0.0,433.72727272727275,0.45454545454545453,0,1,1,0,1,0,0,0,0,1,0,0,0,0,0,1,0,0,0,0
49,0,2,1,2,3,4,19161,3,0,15,4,0,3,3,4,0.6666666666666666,660.7241379310345,0.1724137931034483,1,0,1,0,1,0,0,0,0,1,0,0,0,0,1,0,0,0,1,0
42,0,12,4,2,3,4,5087,3,1,12,3,2,4,3,0,0.0,339.1333333333333,0.0,0,1,0,1,0,1,0,0,0,1,0,0,0,0,0,0,1,0,0,0
27,1,22,3,1,2,2,2863,1,0,12,1,0,2,3,0,0.0,1431.5,0.5,1,0,0,0,0,0,0,0,0,0,1,0,0,0,0,0,0,0,1,0
35,0,18,4,2,3,1,5561,0,0,16,4,1,2,1,3,0.0,794.4285714285714,0.7142857142857143,0,1,0,1,0,0,1,0,0,1,0,0,0,0,0,0,1,0,1,0
28,0,16,3,3,3,3,2144,1,0,14,3,0,3,2,3,0.16666666666666666,357.3333333333333,0.8333333333333334,0,0,1,0,0,0,1,0,0,1,0,0,0,0,0,1,0,0,0,1
31,0,3,2,3,3,1,3065,1,1,13,4,1,3,4,2,0.4,613.0,0.8,0,0,1,0,0,0,1,0,0,1,0,0,0,0,0,1,0,0,0,0
36,0,9,4,1,4,2,2810,1,0,22,2,0,3,3,4,0.0,468.3333333333333,0.8333333333333334,0,0,1,0,1,0,0,0,0,1,0,1,0,0,0,0,0,0,1,0
34,0,1,3,1,3,4,9888,1,0,21,1,0,3,2,8,0.13333333333333333,659.2,0.9333333333333333,0,1,0,1,0,1,0,0,0,1,0,0,0,0,0,0,1,0,0,1
34,0,13,4,4,3,3,8628,1,0,18,3,1,2,2,7,0.1111111111111111,862.8,0.8,0,1,0,1,0,0,1,0,0,1,0,0,0,0,0,0,1,0,0,0
26,0,1,3,3,3,1,2867,0,0,13,4,0,6,2,7,0.875,318.55555555555554,0.7777777777777778,0,1,1,0,0,0,1,0,0,1,0,1,0,0,0,0,0,0,0,1
29,0,1,3,1,3,1,5373,0,0,12,1,1,5,2,3,0.0,767.5714285714286,0.7142857142857143,0,1,1,0,1,0,0,0,0,1,0,0,0,0,0,0,0,0,1,0
32,0,15,4,3,3,4,6667,5,0,18,2,1,6,3,1,0.16666666666666666,666.7,0.5,0,0,1,0,0,0,1,0,0,0,0,0,0,0,0,0,0,0,0,0
31,0,1,3,4,1,1,5003,1,0,21,2,0,6,3,8,0.7272727272727273,454.8181818181818,0.9090909090909091,1,0,1,0,1,0,0,0,0,1,0,0,0,0,0,1,0,0,1,0
28,1,17,3,3,2,4,2367,5,0,12,1,1,2,2,1,0.0,338.14285714285717,0.5714285714285714,0,1,1,0,0,0,0,0,1,1,0,1,0,0,0,0,0,0,0,0
38,0,1,3,1,2,1,2858,4,0,14,1,0,3,2,0,0.0,136.0952380952381,0.047619047619047616,0,1,0,1,1,0,0,0,0,1,0,0,0,0,0,0,0,1,0,1
35,0,7,4,3,3,4,5204,1,1,11,4,0,2,3,8,0.0,473.09090909090907,0.9090909090909091,0,1,0,1,1,0,0,0,0,0,0,0,0,0,0,0,1,0,1,0
27,0,9,3,4,3,4,4105,1,0,14,1,0,5,3,7,0.0,513.125,0.875,0,1,0,1,0,1,0,0,0,1,0,0,0,0,0,0,1,0,0,1
32,0,5,4,4,2,4,9679,8,0,24,2,0,1,3,0,0.0,1075.4444444444443,0.1111111111111111,0,1,1,0,1,0,0,0,0,1,0,0,0,1,0,0,0,0,0,1
31,1,26,4,1,3,4,5617,1,1,11,3,0,4,3,7,0.0,510.6363636363636,0.9090909090909091,1,0,0,1,0,1,0,0,0,1,0,0,0,0,0,0,1,0,1,0
53,1,24,4,1,3,1,10448,6,1,13,2,0,2,2,2,0.6666666666666666,653.0,0.125,0,1,0,1,1,0,0,0,0,1,0,0,0,0,0,0,1,0,0,1
54,0,9,2,1,3,3,2897,3,0,11,3,2,6,2,3,0.4,289.7,0.4,0,1,1,0,1,0,0,0,0,0,0,0,0,0,0,1,0,0,1,0
33,0,7,2,4,3,3,5968,1,0,20,3,3,2,3,7,0.2,596.8,0.9,1,0,1,0,1,0,0,0,0,1,0,0,0,0,0,0,0,0,0,0
43,0,11,3,1,3,3,7510,1,0,17,2,1,1,3,9,0.0,682.7272727272727,0.9090909090909091,0,1,1,0,1,0,0,0,0,1,0,0,0,0,0,0,0,0,1,0
38,0,1,4,4,3,2,2991,0,1,11,2,1,2,3,2,0.14285714285714285,373.875,0.75,1,0,0,0,0,0,0,1,0,1,1,0,0,0,0,0,0,0,1,0
55,0,26,4,3,4,2,19636,4,1,18,1,1,0,3,9,0.09090909090909091,545.4444444444445,0.2777777777777778,0,1,0,0,0,0,0,0,0,1,0,0,1,0,0,0,0,0,1,0
31,0,2,1,4,1,4,1129,1,1,11,3,3,4,3,0,0.0,564.5,0.5,0,1,1,0,0,0,1,0,0,0,0,1,0,0,0,0,0,0,0,0
39,0,15,4,2,3,1,13341,0,0,12,1,0,3,3,8,0.5238095238095238,606.4090909090909,0.9090909090909091,0,1,0,1,0,1,0,0,0,1,0,0,0,0,0,0,1,0,0,1
42,0,23,2,4,2,3,4332,1,0,12,4,0,2,3,9,0.14285714285714285,206.28571428571428,0.9523809523809523,0,0,1,0,1,0,0,0,0,1,0,0,0,0,0,1,0,0,0,1
31,0,10,3,3,3,3,11031,4,0,20,3,1,2,4,7,0.3333333333333333,787.9285714285714,0.7857142857142857,0,0,1,0,0,0,1,0,0,0,0,0,0,0,1,0,0,0,1,0
54,0,10,3,3,3,1,4440,6,1,19,4,0,3,3,2,0.16666666666666666,444.0,0.5,0,1,1,0,0,0,1,0,0,0,0,0,0,1,0,0,0,0,0,1
24,0,1,2,2,2,3,4617,1,0,12,2,0,2,2,3,0.2,923.4,0.8,0,1,1,0,1,0,0,0,0,1,0,0,0,0,0,0,0,0,0,1
23,0,12,2,4,3,4,2647,1,0,13,3,0,6,4,2,0.16666666666666666,441.1666666666667,0.8333333333333334,0,1,1,0,0,0,0,1,0,1,0,1,0,0,0,0,0,0,0,1
40,0,11,3,4,3,3,6323,1,0,11,1,1,2,4,9,0.8181818181818182,574.8181818181819,0.9090909090909091,1,0,1,0,0,0,0,0,1,0,0,1,0,0,0,0,0,0,1,0
40,0,2,2,2,3,2,5677,3,0,14,3,1,4,3,8,0.4166666666666667,354.8125,0.6875,0,1,0,1,0,1,0,0,0,0,0,0,0,0,0,0,1,0,1,0
25,0,2,3,3,3,2,2187,4,0,14,3,0,3,3,0,0.3333333333333333,312.42857142857144,0.2857142857142857,0,1,0,0,0,0,0,0,0,0,1,0,0,0,0,0,0,0,1,0
30,0,1,2,4,3,2,3748,1,0,13,3,0,6,2,8,0.07692307692307693,288.3076923076923,0.9230769230769231,0,1,1,0,0,0,1,0,0,1,0,1,0,0,0,0,0,0,1,0
25,0,2,1,4,3,3,3977,6,1,19,3,1,2,2,2,0.0,497.125,0.25,0,1,1,0,0,0,0,1,0,1,0,1,0,0,0,0,0,0,0,0
47,0,25,3,1,3,3,8633,2,0,23,2,0,3,3,14,0.6666666666666666,332.03846153846155,0.6538461538461539,0,1,1,0,0,0,1,0,0,1,0,0,0,0,0,0,0,0,0,1
33,0,1,2,2,2,3,2008,1,0,12,3,3,2,2,1,0.0,1004.0,0.5,0,0,1,0,0,0,1,0,0,1,0,1,0,0,0,0,0,0,0,0
38,0,1,4,4,3,2,4440,0,0,15,1,2,3,3,13,0.3125,261.1764705882353,0.8823529411764706,0,1,0,1,1,0,0,0,0,1,0,0,0,0,0,0,1,0,1,0
31,0,2,2,1,3,3,3067,0,0,19,3,1,1,3,2,0.3333333333333333,766.75,0.5,0,1,0,1,1,0,0,0,0,1,0,0,0,0,0,0,0,1,1,0
38,0,6,4,1,2,3,5321,2,0,11,4,1,1,3,3,0.7777777777777778,483.72727272727275,0.7272727272727273,1,0,1,0,1,0,0,0,0,1,0,0,0,1,0,0,0,0,1,0
42,0,18,4,4,3,1,5410,6,1,17,3,1,3,2,3,0.2,541.0,0.4,0,1,1,0,1,0,0,0,0,1,0,0,0,0,0,1,0,0,0,0
41,0,1,3,4,3,4,2782,3,0,22,1,1,3,3,3,0.16666666666666666,214.0,0.38461538461538464,0,1,1,0,1,0,0,0,0,1,0,0,0,0,0,1,0,0,1,0
47,0,1,1,3,3,2,11957,0,0,18,1,2,3,1,8,0.35714285714285715,797.1333333333333,0.8666666666666667,0,0,1,0,0,0,1,0,0,0,0,0,0,0,1,0,0,0,1,0
35,0,11,4,4,3,3,2660,7,1,11,3,1,3,3,2,0.6666666666666666,443.3333333333333,0.3333333333333333,0,1,1,0,0,0,1,0,0,1,0,1,0,0,0,0,0,0,1,0
22,0,1,2,4,3,3,3375,0,0,12,4,0,2,4,2,0.25,675.0,0.6,0,1,1,0,1,0,0,0,0,1,0,0,0,0,0,1,0,0,0,1
35,0,9,4,2,3,3,5098,1,0,19,2,0,5,3,7,0.0,463.45454545454544,0.9090909090909091,0,1,1,0,0,0,1,0,0,1,0,0,0,0,0,1,0,0,0,1
33,0,15,2,2,3,4,4878,0,1,13,1,1,6,3,7,0.8,443.45454545454544,0.8181818181818182,0,1,1,0,0,0,1,0,0,0,0,0,0,0,0,0,0,0,1,0
32,0,29,4,3,2,2,2837,1,0,13,3,0,3,3,2,0.5714285714285714,405.2857142857143,0.8571428571428571,0,1,1,0,1,0,0,0,0,0,0,1,0,0,0,0,0,0,0,1
40,0,1,4,1,3,4,2406,8,0,19,3,2,3,2,0,0.0,267.3333333333333,0.1111111111111111,0,1,1,0,1,0,0,0,0,1,0,1,0,0,0,0,0,0,1,0
32,0,1,4,2,2,2,2269,0,0,14,2,1,2,3,2,0.6666666666666666,567.25,0.5,0,1,0,1,0,0,1,0,0,1,0,0,0,0,0,0,0,1,1,0
39,0,24,1,1,3,4,4108,7,0,13,1,0,2,3,7,0.125,216.21052631578948,0.3684210526315789,0,1,1,0,1,0,0,0,0,1,0,0,0,0,0,1,0,0,0,1
38,0,10,3,2,1,3,13206,3,0,12,1,1,3,3,16,0.05263157894736842,628.8571428571429,0.8571428571428571,0,1,1,0,0,0,1,0,0,0,0,0,0,0,1,0,0,0,1,0
32,0,1,4,3,3,4,10422,1,0,19,3,2,3,3,10,0.3333333333333333,694.8,0.9333333333333333,0,1,0,1,0,1,0,0,0,0,0,0,0,0,0,0,1,0,1,0
37,0,10,3,3,4,4,13744,1,1,25,1,1,2,3,11,0.35294117647058826,808.4705882352941,0.9411764705882353,0,1,1,0,1,0,0,0,0,0,0,0,0,0,1,0,0,0,1,0
25,0,8,2,1,3,3,4907,0,1,22,2,1,3,2,3,0.0,701.0,0.7142857142857143,0,1,0,1,0,0,0,1,0,0,0,0,0,0,0,0,1,0,0,0
52,0,29,4,1,3,4,3482,2,0,15,2,2,3,2,8,0.0,204.8235294117647,0.5294117647058824,0,0,0,1,1,0,0,0,0,1,0,0,0,0,0,0,0,1,0,0
44,0,1,3,2,3,4,2436,6,1,12,3,0,2,3,3,0.2,348.0,0.5714285714285714,0,1,1,0,0,0,1,0,0,1,0,0,0,0,0,1,0,0,0,1
21,0,5,1,3,3,1,2380,1,1,11,4,0,6,3,2,0.3333333333333333,793.3333333333334,0.6666666666666666,0,1,0,1,0,0,1,0,0,1,0,0,0,0,0,0,0,1,0,1
39,0,9,3,4,3,4,19431,2,0,13,3,0,3,2,0,0.14285714285714285,883.2272727272727,0.2727272727272727,0,0,1,0,1,0,0,0,0,1,0,0,1,0,0,0,0,0,0,1
23,1,9,3,4,3,1,1790,1,0,19,1,1,3,2,0,0.5,895.0,0.5,1,0,0,1,0,1,0,0,0,1,0,0,0,0,0,0,0,1,1,0
36,0,3,3,1,2,4,7644,0,0,19,3,2,2,3,7,0.3,694.9090909090909,0.8181818181818182,0,1,0,1,0,0,1,0,0,0,0,0,0,0,0,0,1,0,1,0
36,0,4,2,4,3,2,5131,7,0,13,2,3,3,3,2,0.0,270.05263157894734,0.21052631578947367,1,0,1,0,1,0,0,0,0,0,0,0,0,1,0,0,0,0,0,0
56,0,1,4,3,3,3,6306,1,0,21,1,1,2,2,12,0.07142857142857142,450.42857142857144,0.9285714285714286,0,0,1,0,1,0,0,0,0,1,0,0,0,0,0,0,0,0,0,0
29,1,1,4,1,3,4,4787,9,1,14,2,3,3,4,2,0.6666666666666666,957.4,0.4,0,1,1,0,0,0,1,0,0,1,0,0,0,0,0,1,0,0,1,0
42,0,2,3,1,3,3,18880,5,0,11,1,0,2,2,6,0.17391304347826086,755.2,0.88,0,1,1,0,1,0,0,0,0,1,0,0,1,0,0,0,0,0,1,0
56,1,7,2,4,3,3,2339,8,0,11,4,1,4,1,9,0.8181818181818182,155.93333333333334,0.6666666666666666,0,1,1,0,0,0,0,0,1,1,0,1,0,0,0,0,0,0,1,0
41,0,28,4,1,2,2,13570,0,0,23,3,1,3,3,7,0.0,616.8181818181819,0.9090909090909091,0,1,1,0,1,0,0,0,0,0,0,0,0,1,0,0,0,0,1,0
34,0,28,3,4,2,3,6712,1,0,21,4,2,2,3,7,0.1111111111111111,745.7777777777778,0.8888888888888888,0,1,0,1,0,1,0,0,0,0,0,0,0,0,0,0,1,0,1,0
36,0,15,4,4,1,4,5406,1,0,24,1,1,4,2,12,0.6875,337.875,0.9375,0,0,0,1,0,1,0,0,0,1,0,0,0,0,0,0,1,0,0,0
41,0,3,3,3,2,2,8938,2,0,11,3,1,5,3,4,0.0,595.8666666666667,0.3333333333333333,0,1,0,1,1,0,0,0,0,1,0,0,0,0,0,0,1,0,0,0
32,0,2,3,4,3,1,2439,1,0,14,4,0,4,3,2,0.2,487.8,0.8,0,1,1,0,0,0,0,0,1,1,0,0,0,0,0,1,0,0,0,1
35,0,26,4,3,3,4,8837,1,1,16,3,0,2,3,0,0.1,883.7,0.9,0,1,0,0,1,0,0,0,0,0,1,0,0,0,0,0,0,0,0,1
38,0,10,2,1,3,4,5343,1,0,11,3,1,1,3,7,0.09090909090909091,485.72727272727275,0.9090909090909091,0,1,0,1,1,0,0,0,0,0,0,0,0,0,0,0,1,0,1,0
50,1,1,4,2,3,3,6728,7,0,12,4,2,3,3,3,0.0,517.5384615384615,0.46153846153846156,1,0,0,1,1,0,0,0,0,1,0,0,0,0,0,0,1,0,0,0
36,0,11,4,2,2,4,6652,4,0,13,1,1,2,2,3,0.0,739.1111111111111,0.6666666666666666,0,1,0,1,0,1,0,0,0,0,0,0,0,0,0,0,1,0,1,0
45,0,20,3,4,3,3,4850,8,0,15,3,0,3,3,3,0.0,538.8888888888889,0.5555555555555556,0,1,0,1,1,0,0,0,0,0,0,0,0,0,0,0,1,0,0,1
40,0,2,4,3,2,3,2809,2,0,14,4,0,2,3,2,0.6666666666666666,312.1111111111111,0.2222222222222222,0,1,1,0,1,0,0,0,0,1,0,0,0,0,0,1,0,0,0,1
35,0,18,4,3,3,3,5689,1,1,14,4,2,2,4,2,0.0,517.1818181818181,0.9090909090909091,1,0,1,0,1,0,0,0,0,1,0,0,0,0,0,0,0,0,1,0
40,0,2,4,3,3,3,2001,2,0,14,2,3,2,3,3,0.0,95.28571428571429,0.23809523809523808,0,1,1,0,0,0,1,0,0,0,0,0,0,0,0,1,0,0,1,0
35,0,1,4,3,1,4,2977,1,0,12,4,1,5,3,3,0.2,595.4,0.8,0,1,1,0,1,0,0,0,0,0,0,0,0,0,0,1,0,0,1,0
29,0,13,2,4,2,2,4025,4,1,13,1,1,2,3,3,0.0,365.90909090909093,0.36363636363636365,0,1,1,0,0,0,0,1,0,1,0,1,0,0,0,0,0,0,1,0
29,0,28,4,4,2,1,3785,1,0,14,2,0,3,1,4,0.0,630.8333333333334,0.8333333333333334,0,1,1,0,0,0,1,0,0,0,0,0,0,0,0,1,0,0,0,1
50,1,28,3,4,2,1,10854,4,1,13,2,1,3,3,2,0.5,516.8571428571429,0.14285714285714285,0,1,0,1,0,1,0,0,0,1,0,0,0,0,0,0,1,0,0,0
39,0,24,1,2,2,4,12031,0,0,11,1,1,2,2,9,0.42857142857142855,546.8636363636364,0.9090909090909091,0,1,0,1,0,1,0,0,0,0,0,0,0,0,0,0,1,0,1,0
31,0,5,3,2,3,1,9936,0,0,19,2,0,2,3,4,0.1,903.2727272727273,0.8181818181818182,0,0,1,0,0,0,1,0,0,1,0,0,0,1,0,0,0,0,0,1
26,0,5,3,4,2,3,2966,0,0,18,4,0,2,3,2,0.0,494.3333333333333,0.6666666666666666,0,1,0,1,0,0,0,1,0,0,0,0,0,0,0,0,0,1,0,1
36,0,23,2,3,4,4,2571,4,0,17,3,1,3,3,2,0.0,142.83333333333334,0.2777777777777778,1,0,1,0,0,0,1,0,0,1,0,1,0,0,0,0,0,0,1,0
39,0,6,1,4,2,1,9991,4,0,15,1,1,5,3,7,0.125,999.1,0.7,0,1,1,0,0,0,1,0,0,1,0,0,0,0,0,0,0,0,1,0
27,0,4,3,2,4,2,6142,1,1,20,2,1,0,3,2,0.0,877.4285714285714,0.8571428571428571,0,1,1,0,1,0,0,0,0,1,0,0,0,1,0,0,0,0,1,0
49,0,2,3,4,2,2,5390,2,0,14,4,0,3,2,6,0.0,299.44444444444446,0.5,1,0,0,1,0,0,1,0,0,1,0,0,0,0,0,0,1,0,1,0
34,0,8,3,2,4,3,4404,2,0,12,1,0,3,4,3,0.2,629.1428571428571,0.5714285714285714,0,1,1,0,0,0,1,0,0,1,0,1,0,0,0,0,0,0,1,0
